Ref_ID,Ref_ID_temp,Ref_name_of_person_entering_the_data,Ref_data_entered_by_author,Ref_DOI_number,Ref_lead_author,Ref_publication_date,Ref_journal,Ref_part_of_initial_dataset,Ref_original_filename_data_upload,Ref_free_text_comment,Ref_internal_sample_id,Cell_stack_sequence,Cell_area_total,Cell_area_measured,Cell_number_of_cells_per_substrate,Cell_architecture,Cell_flexible,Cell_flexible_min_bending_radius,Cell_semitransparent,Cell_semitransparent_AVT,Cell_semitransparent_wavelength_range,Cell_semitransparent_raw_data,Module,Module_number_of_cells_in_module,Module_area_total,Module_area_effective,Module_JV_data_recalculated_per_cell,Substrate_stack_sequence,Substrate_thickness,Substrate_area,Substrate_supplier,Substrate_brand_name,Substrate_deposition_procedure,Substrate_surface_roughness_rms,Substrate_etching_procedure,Substrate_cleaning_procedure,ETL_stack_sequence,ETL_thickness,ETL_additives_compounds,ETL_additives_concentrations,ETL_deposition_procedure,ETL_deposition_aggregation_state_of_reactants,ETL_deposition_synthesis_atmosphere,ETL_deposition_synthesis_atmosphere_pressure_total,ETL_deposition_synthesis_atmosphere_pressure_partial,ETL_deposition_synthesis_atmosphere_relative_humidity,ETL_deposition_solvents,ETL_deposition_solvents_mixing_ratios,ETL_deposition_solvents_supplier,ETL_deposition_solvents_purity,ETL_deposition_reaction_solutions_compounds,ETL_deposition_reaction_solutions_compounds_supplier,ETL_deposition_reaction_solutions_compounds_purity,ETL_deposition_reaction_solutions_concentrations,ETL_deposition_reaction_solutions_volumes,ETL_deposition_reaction_solutions_age,ETL_deposition_reaction_solutions_temperature,ETL_deposition_substrate_temperature,ETL_deposition_thermal_annealing_temperature,ETL_deposition_thermal_annealing_time,ETL_deposition_thermal_annealing_atmosphere,ETL_storage_time_until_next_deposition_step,ETL_storage_atmosphere,ETL_storage_relative_humidity,ETL_surface_treatment_before_next_deposition_step,Perovskite_single_crystal,Perovskite_dimension_0D,Perovskite_dimension_2D,Perovskite_dimension_2D3D_mixture,Perovskite_dimension_3D,Perovskite_dimension_3D_with_2D_capping_layer,Perovskite_dimension_list_of_layers,Perovskite_composition_perovskite_ABC3_structure,Perovskite_composition_perovskite_inspired_structure,Perovskite_composition_a_ions,Perovskite_composition_a_ions_coefficients,Perovskite_composition_b_ions,Perovskite_composition_b_ions_coefficients,Perovskite_composition_c_ions,Perovskite_composition_c_ions_coefficients,Perovskite_composition_none_stoichiometry_components_in_excess,Perovskite_composition_short_form,Perovskite_composition_long_form,Perovskite_composition_assumption,Perovskite_composition_inorganic,Perovskite_composition_leadfree,Perovskite_additives_compounds,Perovskite_additives_concentrations,Perovskite_thickness,Perovskite_band_gap,Perovskite_band_gap_graded,Perovskite_band_gap_estimation_basis,Perovskite_pl_max,Perovskite_deposition_number_of_deposition_steps,Perovskite_deposition_procedure,Perovskite_deposition_aggregation_state_of_reactants,Perovskite_deposition_synthesis_atmosphere,Perovskite_deposition_synthesis_atmosphere_pressure_total,Perovskite_deposition_synthesis_atmosphere_pressure_partial,Perovskite_deposition_synthesis_atmosphere_relative_humidity,Perovskite_deposition_solvents,Perovskite_deposition_solvents_mixing_ratios,Perovskite_deposition_solvents_supplier,Perovskite_deposition_solvents_purity,Perovskite_deposition_reaction_solutions_compounds,Perovskite_deposition_reaction_solutions_compounds_supplier,Perovskite_deposition_reaction_solutions_compounds_purity,Perovskite_deposition_reaction_solutions_concentrations,Perovskite_deposition_reaction_solutions_volumes,Perovskite_deposition_reaction_solutions_age,Perovskite_deposition_reaction_solutions_temperature,Perovskite_deposition_substrate_temperature,Perovskite_deposition_quenching_induced_crystallisation,Perovskite_deposition_quenching_media,Perovskite_deposition_quenching_media_mixing_ratios,Perovskite_deposition_quenching_media_volume,Perovskite_deposition_quenching_media_additives_compounds,Perovskite_deposition_quenching_media_additives_concentrations,Perovskite_deposition_thermal_annealing_temperature,Perovskite_deposition_thermal_annealing_time,Perovskite_deposition_thermal_annealing_atmosphere,Perovskite_deposition_thermal_annealing_relative_humidity,Perovskite_deposition_thermal_annealing_pressure,Perovskite_deposition_solvent_annealing,Perovskite_deposition_solvent_annealing_timing,Perovskite_deposition_solvent_annealing_solvent_atmosphere,Perovskite_deposition_solvent_annealing_time,Perovskite_deposition_solvent_annealing_temperature,Perovskite_deposition_after_treatment_of_formed_perovskite,Perovskite_deposition_after_treatment_of_formed_perovskite_met,Perovskite_storage_time_until_next_deposition_step,Perovskite_storage_atmosphere,Perovskite_storage_relative_humidity,Perovskite_surface_treatment_before_next_deposition_step,HTL_stack_sequence,HTL_thickness_list,HTL_additives_compounds,HTL_additives_concentrations,HTL_deposition_procedure,HTL_deposition_aggregation_state_of_reactants,HTL_deposition_synthesis_atmosphere,HTL_deposition_synthesis_atmosphere_pressure_total,HTL_deposition_synthesis_atmosphere_pressure_partial,HTL_deposition_synthesis_atmosphere_relative_humidity,HTL_deposition_solvents,HTL_deposition_solvents_mixing_ratios,HTL_deposition_solvents_supplier,HTL_deposition_solvents_purity,HTL_deposition_reaction_solutions_compounds,HTL_deposition_reaction_solutions_compounds_supplier,HTL_deposition_reaction_solutions_compounds_purity,HTL_deposition_reaction_solutions_concentrations,HTL_deposition_reaction_solutions_volumes,HTL_deposition_reaction_solutions_age,HTL_deposition_reaction_solutions_temperature,HTL_deposition_substrate_temperature,HTL_deposition_thermal_annealing_temperature,HTL_deposition_thermal_annealing_time,HTL_deposition_thermal_annealing_atmosphere,HTL_storage_time_until_next_deposition_step,HTL_storage_atmosphere,HTL_storage_relative_humidity,HTL_surface_treatment_before_next_deposition_step,Backcontact_stack_sequence,Backcontact_thickness_list,Backcontact_additives_compounds,Backcontact_additives_concentrations,Backcontact_deposition_procedure,Backcontact_deposition_aggregation_state_of_reactants,Backcontact_deposition_synthesis_atmosphere,Backcontact_deposition_synthesis_atmosphere_pressure_total,Backcontact_deposition_synthesis_atmosphere_pressure_partial,Backcontact_deposition_synthesis_atmosphere_relative_humidity,Backcontact_deposition_solvents,Backcontact_deposition_solvents_mixing_ratios,Backcontact_deposition_solvents_supplier,Backcontact_deposition_solvents_purity,Backcontact_deposition_reaction_solutions_compounds,Backcontact_deposition_reaction_solutions_compounds_supplier,Backcontact_deposition_reaction_solutions_compounds_purity,Backcontact_deposition_reaction_solutions_concentrations,Backcontact_deposition_reaction_solutions_volumes,Backcontact_deposition_reaction_solutions_age,Backcontact_deposition_reaction_solutions_temperature,Backcontact_deposition_substrate_temperature,Backcontact_deposition_thermal_annealing_temperature,Backcontact_deposition_thermal_annealing_time,Backcontact_deposition_thermal_annealing_atmosphere,Backcontact_storage_time_until_next_deposition_step,Backcontact_storage_atmosphere,Backcontact_storage_relative_humidity,Backcontact_surface_treatment_before_next_deposition_step,Add_lay_front,Add_lay_front_function,Add_lay_front_stack_sequence,Add_lay_front_thickness_list,Add_lay_front_additives_compounds,Add_lay_front_additives_concentrations,Add_lay_front_deposition_procedure,Add_lay_front_deposition_aggregation_state_of_reactants,Add_lay_front_deposition_synthesis_atmosphere,Add_lay_front_deposition_synthesis_atmosphere_pressure_total,Add_lay_front_deposition_synthesis_atmosphere_pressure_partial,Add_lay_front_deposition_synthesis_atmosphere_relative_humidity,Add_lay_front_deposition_solvents,Add_lay_front_deposition_solvents_mixing_ratios,Add_lay_front_deposition_solvents_supplier,Add_lay_front_deposition_solvents_purity,Add_lay_front_deposition_reaction_solutions_compounds,Add_lay_front_deposition_reaction_solutions_compounds_supplier,Add_lay_front_deposition_reaction_solutions_compounds_purity,Add_lay_front_deposition_reaction_solutions_concentrations,Add_lay_front_deposition_reaction_solutions_volumes,Add_lay_front_deposition_reaction_solutions_age,Add_lay_front_deposition_reaction_solutions_temperature,Add_lay_front_deposition_substrate_temperature,Add_lay_front_deposition_thermal_annealing_temperature,Add_lay_front_deposition_thermal_annealing_time,Add_lay_front_deposition_thermal_annealing_atmosphere,Add_lay_front_storage_time_until_next_deposition_step,Add_lay_front_storage_atmosphere,Add_lay_front_storage_relative_humidity,Add_lay_front_surface_treatment_before_next_deposition_step,Add_lay_back,Add_lay_back_function,Add_lay_back_stack_sequence,Add_lay_back_thickness_list,Add_lay_back_additives_compounds,Add_lay_back_additives_concentrations,Add_lay_back_deposition_procedure,Add_lay_back_deposition_aggregation_state_of_reactants,Add_lay_back_deposition_synthesis_atmosphere,Add_lay_back_deposition_synthesis_atmosphere_pressure_total,Add_lay_back_deposition_synthesis_atmosphere_pressure_partial,Add_lay_back_deposition_synthesis_atmosphere_relative_humidity,Add_lay_back_deposition_solvents,Add_lay_back_deposition_solvents_mixing_ratios,Add_lay_back_deposition_solvents_supplier,Add_lay_back_deposition_solvents_purity,Add_lay_back_deposition_reaction_solutions_compounds,Add_lay_back_deposition_reaction_solutions_compounds_supplier,Add_lay_back_deposition_reaction_solutions_compounds_purity,Add_lay_back_deposition_reaction_solutions_concentrations,Add_lay_back_deposition_reaction_solutions_volumes,Add_lay_back_deposition_reaction_solutions_age,Add_lay_back_deposition_reaction_solutions_temperature,Add_lay_back_deposition_substrate_temperature,Add_lay_back_deposition_thermal_annealing_temperature,Add_lay_back_deposition_thermal_annealing_time,Add_lay_back_deposition_thermal_annealing_atmosphere,Add_lay_back_storage_time_until_next_deposition_step,Add_lay_back_storage_atmosphere,Add_lay_back_storage_relative_humidity,Add_lay_back_surface_treatment_before_next_deposition_step,Encapsulation,Encapsulation_stack_sequence,Encapsulation_edge_sealing_materials,Encapsulation_atmosphere_for_encapsulation,Encapsulation_water_vapour_transmission_rate,Encapsulation_oxygen_transmission_rate,JV_measured,JV_average_over_n_number_of_cells,JV_certified_values,JV_certification_institute,JV_storage_age_of_cell,JV_storage_atmosphere,JV_storage_relative_humidity,JV_test_atmosphere,JV_test_relative_humidity,JV_test_temperature,JV_light_source_type,JV_light_source_brand_name,JV_light_source_simulator_class,JV_light_intensity,JV_light_spectra,JV_light_wavelength_range,JV_light_illumination_direction,JV_light_masked_cell,JV_light_mask_area,JV_scan_speed,JV_scan_delay_time,JV_scan_integration_time,JV_scan_voltage_step,JV_preconditioning_protocol,JV_preconditioning_time,JV_preconditioning_potential,JV_preconditioning_light_intensity,JV_reverse_scan_Voc,JV_reverse_scan_Jsc,JV_reverse_scan_FF,JV_reverse_scan_PCE,JV_reverse_scan_Vmp,JV_reverse_scan_Jmp,JV_reverse_scan_series_resistance,JV_reverse_scan_shunt_resistance,JV_forward_scan_Voc,JV_forward_scan_Jsc,JV_forward_scan_FF,JV_forward_scan_PCE,JV_forward_scan_Vmp,JV_forward_scan_Jmp,JV_forward_scan_series_resistance,JV_forward_scan_shunt_resistance,JV_link_raw_data,JV_default_Voc,JV_default_Jsc,JV_default_FF,JV_default_PCE,JV_default_Voc_scan_direction,JV_default_Jsc_scan_direction,JV_default_FF_scan_direction,JV_default_PCE_scan_direction,JV_hysteresis_index,Stabilised_performance_measured,Stabilised_performance_procedure,Stabilised_performance_procedure_metrics,Stabilised_performance_measurement_time,Stabilised_performance_PCE,Stabilised_performance_Vmp,Stabilised_performance_Jmp,Stabilised_performance_link_raw_data,EQE_measured,EQE_light_bias,EQE_integrated_Jsc,EQE_link_raw_data,Stability_measured,Stability_protocol,Stability_average_over_n_number_of_cells,Stability_light_source_type,Stability_light_source_brand_name,Stability_light_source_simulator_class,Stability_light_intensity,Stability_light_spectra,Stability_light_wavelength_range,Stability_light_illumination_direction,Stability_light_load_condition,Stability_light_cycling_times,Stability_light_UV_filter,Stability_potential_bias_load_condition,Stability_potential_bias_range,Stability_potential_bias_passive_resistance,Stability_temperature_load_condition,Stability_temperature_range,Stability_temperature_cycling_times,Stability_temperature_ramp_speed,Stability_atmosphere,Stability_atmosphere_oxygen_concentration,Stability_relative_humidity_load_conditions,Stability_relative_humidity_range,Stability_relative_humidity_average_value,Stability_time_total_exposure,Stability_periodic_JV_measurements,Stability_periodic_JV_measurements_time_between_jv,Stability_PCE_initial_value,Stability_PCE_burn_in_observed,Stability_PCE_end_of_experiment,Stability_PCE_T95,Stability_PCE_Ts95,Stability_PCE_T80,Stability_PCE_Ts80,Stability_PCE_Te80,Stability_PCE_Tse80,Stability_PCE_after_1000_h,Stability_lifetime_energy_yield,Stability_flexible_cell_number_of_bending_cycles,Stability_flexible_cell_bending_radius,Stability_flexible_cell_PCE_initial_value,Stability_flexible_cell_PCE_end_of_experiment,Stability_link_raw_data_for_stability_trace,Outdoor_tested,Outdoor_protocol,Outdoor_average_over_n_number_of_cells,Outdoor_location_country,Outdoor_location_city,Outdoor_location_coordinates,Outdoor_location_climate_zone,Outdoor_installation_tilt,Outdoor_installation_cardinal_direction,Outdoor_installation_number_of_solar_tracking_axis,Outdoor_time_season,Outdoor_time_start,Outdoor_time_end,Outdoor_time_total_exposure,Outdoor_potential_bias_load_condition,Outdoor_potential_bias_range,Outdoor_potential_bias_passive_resistance,Outdoor_temperature_load_condition,Outdoor_temperature_range,Outdoor_temperature_tmodule,Outdoor_periodic_JV_measurements,Outdoor_periodic_JV_measurements_time_between_measurements,Outdoor_PCE_initial_value,Outdoor_PCE_burn_in_observed,Outdoor_PCE_end_of_experiment,Outdoor_PCE_T95,Outdoor_PCE_Ts95,Outdoor_PCE_T80,Outdoor_PCE_Ts80,Outdoor_PCE_Te80,Outdoor_PCE_Tse80,Outdoor_PCE_after_1000_h,Outdoor_power_generated,Outdoor_link_raw_data_for_outdoor_trace,Outdoor_detaild_weather_data_available,Outdoor_link_detailed_weather_data,Outdoor_spectral_data_available,Outdoor_link_spectral_data,Outdoor_irradiance_measured,Outdoor_link_irradiance_data,Encapsulation_materials
537,537,Alberto Garcia-Fernandez,False,10.1039/c6ta09202k,Ginting et al.,08/02/2017,Journal of Materials Chemistry A,True,Historic dataset on 2020 11 22_v7.xlsx,,,SLG | ITO | ZnO-c | Perovskite | Spiro-MeOTAD | Ag,,0.096,0,nip,False,,False,,nan; nan,,False,0,,,False,SLG | ITO,,,,,Unknown,,,,ZnO-c,,Unknown,,Spin-coating,Unknown,Unknown,,,,Unknown,,Unknown,Unknown,,Unknown,Unknown,,Unknown,Unknown,Unknown,Unknown,Unknown,Unknown,Unknown,,Unknown,,,False,False,False,False,True,False,3,True,False,MA,1,Pb,1,I,3,,MAPbI,MAPbI3,,False,False,,,,1.6,False,Composition,,2,Spin-coating >> Spin-coating,Liquid >> Liquid,N2 >> N2,,,,DMF >> IPA,1 >> 1,Unknown,Unknown,,Unknown,Unknown,,Unknown,Unknown,Unknown,Unknown,False,Unknown,,Unknown,,,Unknown >> 80,Unknown >> 10.0,Unknown,,,False,,Unknown,Unknown,Unknown,,,Unknown,Unknown,,,Spiro-MeOTAD,,Li-TFSI; TBP,,Spin-coating,Unknown,Unknown,,,,Unknown,,Unknown,Unknown,,Unknown,Unknown,,Unknown,Unknown,Unknown,Unknown,Unknown,Unknown,Unknown,Unknown,Unknown,,,Ag,100,,,Evaporation,Unknown,Unknown,,,,Unknown,,Unknown,Unknown,,Unknown,Unknown,,Unknown,Unknown,Unknown,Unknown,Unknown,Unknown,Unknown,Unknown,Unknown,,,False,,Unknown,,,,Unknown,Unknown,Unknown,,,,Unknown,,Unknown,Unknown,,Unknown,Unknown,,Unknown,Unknown,Unknown,Unknown,Unknown,Unknown,Unknown,Unknown,Unknown,,,False,,Unknown,,,,Unknown,Unknown,Unknown,,,,Unknown,,Unknown,Unknown,,Unknown,Unknown,,Unknown,Unknown,Unknown,Unknown,Unknown,Unknown,Unknown,Unknown,Unknown,,,True,Kapton tape,NOA 63,N2,0.03,,True,8,False,,Unknown,Unknown,,Air,,,,,,100.0,AM 1.5,nan; nan,,False,,30.0,,,,,,,,0.99,20.0,0.67,13.2,,,,,,,,,,,,,,0.99,20.0,0.67,13.2,Reversed,Reversed,Reversed,Reversed,,False,,,,,,,,False,,,,True,ISOS-D-1,1,Dark,,,0.0,,nan; nan,,,Unknown,False,Open circuit,nan; nan,,Constant,25.0; 25.0,Unknown,,Air,,,nan; nan,40.0,1000.0,False,Unknown,,True,107.0,,,,,,,107.0,,0,,,,,False,,1,,,nan; nan,,,,0,,0000:00:00:00:00,0000:00:00:00:00,,,nan; nan,,,nan; nan,,False,,,False,,,,,,,,,,,False,,False,,False,,Kapton tape NOA 63
1746,1746,Andrea Crovetto,False,10.1039/c7ee03513f,Cho et al.,08/02/2018,Energy & Environmental Science,True,Historic dataset on 2020 11 22_v7.xlsx,,,SLG | FTO | TiO2-c | TiO2-mp | Perovskite | Spiro-MeOTAD | Au,,0.16,0,nip,False,,False,,nan; nan,,False,0,,,False,SLG | FTO,,,,,Unknown,,,,TiO2-c | TiO2-mp,,Unknown | Li-TSFI,,Spray-pyrolys | Spin-coating,Unknown,Unknown,,,,Unknown,,Unknown,Unknown,,Unknown,Unknown,,Unknown,Unknown,Unknown,Unknown,Unknown,Unknown,Unknown,,Unknown,,,False,False,False,False,True,True,3.0 | 2.0,True,False,Cs; FA; MA | (EPA),0.1; 0.76; 0.14 | 2,Pb | Pb,1 | 1,Br; I | I,0.51; 2.49 | 4,PbI2,CsFAMAPbBrI | (EPA)PbI,Cs0.1FA0.76MA0.14PbBr0.51I2.49 | (EPA)2PbI4,,False,False,,,500,1.61,False,,775.0,1,Spin-coating,Liquid,N2,,,,DMF; DMSO,4; 1,Unknown,Unknown,,Unknown,Unknown,,Unknown,Unknown,Unknown,Unknown,True,Trifluorotoluene,,Unknown,,,100,60,Unknown,,,False,,Unknown,Unknown,Unknown,,,Unknown,Unknown,,,Spiro-MeOTAD,,Li-TFSI; TBP,,Spin-coating,Unknown,Unknown,,,,Unknown,,Unknown,Unknown,,Unknown,Unknown,,Unknown,Unknown,Unknown,Unknown,Unknown,Unknown,Unknown,Unknown,Unknown,,,Au,70,,,Evaporation,Unknown,Unknown,,,,Unknown,,Unknown,Unknown,,Unknown,Unknown,,Unknown,Unknown,Unknown,Unknown,Unknown,Unknown,Unknown,Unknown,Unknown,,,False,,Unknown,,,,Unknown,Unknown,Unknown,,,,Unknown,,Unknown,Unknown,,Unknown,Unknown,,Unknown,Unknown,Unknown,Unknown,Unknown,Unknown,Unknown,Unknown,Unknown,,,False,,Unknown,,,,Unknown,Unknown,Unknown,,,,Unknown,,Unknown,Unknown,,Unknown,Unknown,,Unknown,Unknown,Unknown,Unknown,Unknown,Unknown,Unknown,Unknown,Unknown,,,True,SLG,Surlyn,Air,,,False,1,False,,Unknown,Unknown,,Air,,,,,,100.0,AM 1.5,nan; nan,,False,,25.0,,,,,,,,,,,,,,,,,,,,,,,,,,,,,,,,,,False,,,,,,,,False,,,,True,ISOS-D-1,1,Dark,,,0.0,,nan; nan,,,Unknown,False,Open circuit,nan; nan,,,50.0; 50.0,Unknown,,Air,,,nan; nan,45.0,1440.0,False,Unknown,20.0,False,100.0,,,,,,,100.0,,0,,,,,False,,1,,,nan; nan,,,,0,,0000:00:00:00:00,0000:00:00:00:00,,,nan; nan,,,nan; nan,,False,,,False,,,,,,,,,,,False,,False,,False,,SLG Surlyn
2243,2243,Antonio Ricciardulli,False,10.1002/adfm.201504564,Yu et al.,21/05/2016,Advanced Functional Materials,True,Historic dataset on 2020 11 22_v7.xlsx,,,SLG | FTO | TiO2-c | TiO2-mp | Perovskite | Carbon; MAI | Carbon,,0.152,0,nip,False,,False,,nan; nan,,False,0,,,False,SLG | FTO,,,,,Unknown,,,,TiO2-c | TiO2-mp,,Unknown | TiCl4,,Spin-coating | Spin-coating,Unknown,Unknown,,,,Unknown,,Unknown,Unknown,,Unknown,Unknown,,Unknown,Unknown,Unknown,Unknown,Unknown,Unknown,Unknown,,Unknown,,,False,False,False,False,True,False,3,True,False,MA,1,Pb,1,I,3,,MAPbI,MAPbI3,,False,False,,,,1.6,False,Composition,,2,Spin-coating >> Spin-coating,Liquid >> Liquid,Unknown,,,,DMF >> IPA,1 >> 1,Unknown,Unknown,,Unknown,Unknown,,Unknown,Unknown,Unknown,Unknown,False,Unknown,,Unknown,,,Unknown >> 100.0,Unknown >> 5.0,Unknown,,,False,,Unknown,Unknown,Unknown,,,Unknown,Unknown,,,none,,,,Unknown,Unknown,Unknown,,,,Unknown,,Unknown,Unknown,,Unknown,Unknown,,Unknown,Unknown,Unknown,Unknown,Unknown,Unknown,Unknown,Unknown,Unknown,,,Carbon; MAI | Carbon,,,,Doctor blading | Doctor blading,Unknown,Unknown,,,,Unknown,,Unknown,Unknown,,Unknown,Unknown,,Unknown,Unknown,Unknown,Unknown,Unknown,Unknown,Unknown,Unknown,Unknown,,,False,,Unknown,,,,Unknown,Unknown,Unknown,,,,Unknown,,Unknown,Unknown,,Unknown,Unknown,,Unknown,Unknown,Unknown,Unknown,Unknown,Unknown,Unknown,Unknown,Unknown,,,False,,Unknown,,,,Unknown,Unknown,Unknown,,,,Unknown,,Unknown,Unknown,,Unknown,Unknown,,Unknown,Unknown,Unknown,Unknown,Unknown,Unknown,Unknown,Unknown,Unknown,,,True,PMMA,Unknown,Unknown,,,True,1,False,,Unknown,Unknown,,Air,,,,,,100.0,AM 1.5,nan; nan,,False,,200.0,,,,,,,,0.877,19.4,0.665,11.2,,,,,0.869,20.8,0.592,10.7,,,,,,0.877,19.4,0.665,10.3,Reversed,Reversed,Reversed,Stabilised,0.272259216,True,,,,10.3,,,,False,,,,True,ISOS-D-1,1,Dark,,,0.0,,nan; nan,,,Unknown,False,Open circuit,nan; nan,,,25.0; 25.0,Unknown,,Air,,,nan; nan,30.0,720.0,False,Unknown,11.9,False,100.0,,,,,,,,,0,,,,,False,,1,,,nan; nan,,,,0,,0000:00:00:00:00,0000:00:00:00:00,,,nan; nan,,,nan; nan,,False,,,False,,,,,,,,,,,False,,False,,False,,PMMA Unknown
2855,2855,Antonio Ricciardulli,False,10.1038/ncomms15684,Grancini et al.,42887,Nature Communications,True,Historic dataset on 2020 11 22_v7.xlsx,,,SLG | FTO | TiO2-c | TiO2-mp | ZrO2-mp | Perovskite | Carbon,,5.95,0,nip,False,,False,,nan; nan,,True,8,100.0,47.6,True,SLG | FTO,,,,,Unknown,,,,TiO2-c | TiO2-mp | ZrO2-mp,30.0 | 1000.0 | 2000.0,Unknown,,Spray-pyrolys | Screen printing | Screen printing,Unknown,Unknown,,,,Unknown,,Unknown,Unknown,,Unknown,Unknown,,Unknown,Unknown,Unknown,Unknown,Unknown,Unknown,Unknown,,Unknown,,,False,False,False,False,False,True,3.0,True,False,MA,1,Pb,1,I,3,,MAPbI,MAPbI3,,False,False,AVAI,,,1.6,False,Composition,,1,Drop-infiltration,Liquid,Unknown,,,,GBL,1,Unknown,Unknown,,Unknown,Unknown,,Unknown,Unknown,Unknown,Unknown,False,Unknown,,Unknown,,,50,60,Unknown,,,False,,Unknown,Unknown,Unknown,,,Unknown,Unknown,,,none,,,,Unknown,Unknown,Unknown,,,,Unknown,,Unknown,Unknown,,Unknown,Unknown,,Unknown,Unknown,Unknown,Unknown,Unknown,Unknown,Unknown,Unknown,Unknown,,,Carbon,10000,,,Screen printing,Unknown,Unknown,,,,Unknown,,Unknown,Unknown,,Unknown,Unknown,,Unknown,Unknown,Unknown,Unknown,Unknown,Unknown,Unknown,Unknown,Unknown,,,False,,Unknown,,,,Unknown,Unknown,Unknown,,,,Unknown,,Unknown,Unknown,,Unknown,Unknown,,Unknown,Unknown,Unknown,Unknown,Unknown,Unknown,Unknown,Unknown,Unknown,,,False,,Unknown,,,,Unknown,Unknown,Unknown,,,,Unknown,,Unknown,Unknown,,Unknown,Unknown,,Unknown,Unknown,Unknown,Unknown,Unknown,Unknown,Unknown,Unknown,Unknown,,,True,SLG,Surlyn (Du Pont) epoxy glue,Air,,,True,1,False,,Unknown,Unknown,,Air,,,,,,100.0,AM 1.5,nan; nan,,False,,25.0,,,,,,,,0.857,23.603,0.587,11.9,,,,,,,,,,,,,,0.857,23.603,0.587,11.9,Reversed,Reversed,Reversed,Reversed,,False,,,,,,,,False,,,,True,ISOS-L-1,1,Xenon,,,100.0,AM 1.5,nan; nan,,,Unknown,False,Open circuit,nan; nan,,,55.0; 55.0,Unknown,,Air,,,nan; nan,,10000.0,False,Unknown,,False,115.0,,,,,,,120.0,,0,,,,,False,,1,,,nan; nan,,,,0,,0000:00:00:00:00,0000:00:00:00:00,,,nan; nan,,,nan; nan,,False,,,False,,,,,,,,,,,False,,False,,False,,SLG Surlyn (Du Pont) epoxy glue
4030,4030,Barbara Primera Darwich,False,10.1038/s41598-019-51945-9,Kim et al.,30/10/2019,Scientific Reports,True,Historic dataset on 2020 11 22_v7.xlsx,,,SLG | FTO | TiO2-c | Perovskite | Spiro-MeOTAD | Au,,0.15,0,nip,False,,False,,nan; nan,,False,0,,,False,SLG | FTO,,,,,Unknown,,,,TiO2-c,,Unknown,,CBD,Unknown,Unknown,,,,Unknown,,Unknown,Unknown,,Unknown,Unknown,,Unknown,Unknown,Unknown,Unknown,Unknown,Unknown,Unknown,,Unknown,,,False,False,False,False,True,False,3,True,False,MA,1,Pb,1,I,3,,MAPbI,MAPbI3,,False,False,,,,1.6,False,Composition,,1,Spin-coating,Liquid,N2,,,,DMF; DMSO,7; 3,Unknown,Unknown,,Unknown,Unknown,,Unknown,Unknown,Unknown,Unknown,True,Toluene,,Unknown,,,100,30,Unknown,,,False,,Unknown,Unknown,Unknown,,,Unknown,Unknown,,,Spiro-MeOTAD,,Li-TFSI; TBP,,Spin-coating,Unknown,Unknown,,,,Unknown,,Unknown,Unknown,,Unknown,Unknown,,Unknown,Unknown,Unknown,Unknown,Unknown,Unknown,Unknown,Unknown,Unknown,,,Au,100,,,Evaporation,Unknown,Unknown,,,,Unknown,,Unknown,Unknown,,Unknown,Unknown,,Unknown,Unknown,Unknown,Unknown,Unknown,Unknown,Unknown,Unknown,Unknown,,,False,,Unknown,,,,Unknown,Unknown,Unknown,,,,Unknown,,Unknown,Unknown,,Unknown,Unknown,,Unknown,Unknown,Unknown,Unknown,Unknown,Unknown,Unknown,Unknown,Unknown,,,False,,Unknown,,,,Unknown,Unknown,Unknown,,,,Unknown,,Unknown,Unknown,,Unknown,Unknown,,Unknown,Unknown,Unknown,Unknown,Unknown,Unknown,Unknown,Unknown,Unknown,,,True,Parylene-C,Unknown,Vacuum,,,True,1,False,,Unknown,Unknown,,Ambient,,,,,,100.0,AM 1.5,nan; nan,,False,,,,,,,,,,0.97,22.4,0.72,15.5,,,,,,,,,,,,,,0.97,22.4,0.72,15.5,Reversed,Reversed,Reversed,Reversed,,False,,,,,,,,False,,,,True,ISOS-D-1,1,Dark,,,0.0,,nan; nan,,,Unknown,False,Open circuit,nan; nan,,,25.0; 25.0,Unknown,,Ambient,,,nan; nan,,196.0,False,Unknown,15.5,False,100.0,,,,,,,,,0,,,,,False,,1,,,nan; nan,,,,0,,0000:00:00:00:00,0000:00:00:00:00,,,nan; nan,,,nan; nan,,False,,,False,,,,,,,,,,,False,,False,,False,,Parylene-C Unknown
4874,4874,Brendan Coles,False,10.1016/j.nanoen.2015.10.006,Weerasinghe et al.,23/10/2015,Nano Energy,True,Historic dataset on 2020 11 22_v7.xlsx,,Complete Encapsulation,PET | IZO | TiO2-c | Perovskite | Spiro-MeOTAD | Au,,0.1,0,nip,True,,False,,nan; nan,,False,0,,,False,PET | IZO,,,,,Unknown,,,,TiO2-c,,Unknown,,Spin-coating,Unknown,Unknown,,,,Unknown,,Unknown,Unknown,,Unknown,Unknown,,Unknown,Unknown,Unknown,Unknown,Unknown,Unknown,Unknown,,Unknown,,,False,False,False,False,True,False,3,True,False,MA,1,Pb,1,I,3,,MAPbI,MAPbI3,,False,False,,,,1.6,False,Composition,,1,Spin-coating,Liquid,Air,,,,DMF,1,Unknown,Unknown,,Unknown,Unknown,,Unknown,Unknown,Unknown,Unknown,True,N2,,Unknown,,,100,10,Unknown,,,False,,Unknown,Unknown,Unknown,,,Unknown,Unknown,,,Spiro-MeOTAD,,Li-TFSI; TBP,,Spin-coating,Unknown,Unknown,,,,Unknown,,Unknown,Unknown,,Unknown,Unknown,,Unknown,Unknown,Unknown,Unknown,Unknown,Unknown,Unknown,Unknown,Unknown,,,Au,,,,Evaporation,Unknown,Unknown,,,,Unknown,,Unknown,Unknown,,Unknown,Unknown,,Unknown,Unknown,Unknown,Unknown,Unknown,Unknown,Unknown,Unknown,Unknown,,,False,,Unknown,,,,Unknown,Unknown,Unknown,,,,Unknown,,Unknown,Unknown,,Unknown,Unknown,,Unknown,Unknown,Unknown,Unknown,Unknown,Unknown,Unknown,Unknown,Unknown,,,False,,Unknown,,,,Unknown,Unknown,Unknown,,,,Unknown,,Unknown,Unknown,,Unknown,Unknown,,Unknown,Unknown,Unknown,Unknown,Unknown,Unknown,Unknown,Unknown,Unknown,,,True,"Viewbarrier (mitsibushi plastic, inc)",467 MP 3M Adhesive Transfer Tape,N2,0.005,,True,1,False,,Unknown,Unknown,,Unknown,,,,,,100.0,AM 1.5,nan; nan,,False,,,,,,,,,,1.02,16.8,0.69,12.0,,,,,,,,,,,,,,1.02,16.8,0.69,12.0,Reversed,Reversed,Reversed,Reversed,,False,,,,,,,,False,,,,True,ISOS-D-1,1,Dark,,,0.0,,nan; nan,,,Unknown,False,Open circuit,nan; nan,,,25.0; 25.0,Unknown,,Air,,,nan; nan,30.0,500.0,False,Unknown,,False,100.0,,,,,,,,,0,,,,,False,,1,,,nan; nan,,,,0,,0000:00:00:00:00,0000:00:00:00:00,,,nan; nan,,,nan; nan,,False,,,False,,,,,,,,,,,False,,False,,False,,"Viewbarrier (mitsibushi plastic, inc) 467 MP 3M Adhesive Transfer Tape"
7627,7627,Diego DiGirolamo,False,10.1021/acsenergylett.7b00751,Lau et al.,42989,ACS Energy Letters,True,Historic dataset on 2020 11 22_v7.xlsx,,,SLG | FTO | TiO2-c | TiO2-mp | Perovskite | P3HT | Au,,0.159,0,nip,False,,False,,nan; nan,,False,0,,,False,SLG | FTO,,,,,Unknown,,,,TiO2-c | TiO2-mp,nan | 150.0,Unknown,,Spray-pyrolys | Spin-coating,Unknown,Unknown,,,,Unknown,,Unknown,Unknown,,Unknown,Unknown,,Unknown,Unknown,Unknown,Unknown,Unknown,Unknown,Unknown,,Unknown,,,False,False,False,False,True,False,3.0,True,False,Cs,1,Pb,1,Br; I,1; 2,,CsPbBrI,CsPbBrI2,,True,False,,,250.0,,False,,661.0,1,Spin-coating,Liquid,N2,,,,DMF; DMSO,2; 1,Unknown,Unknown,,Unknown,Unknown,,Unknown,Unknown,Unknown,Unknown,True,N2,,Unknown,,,100,5,Unknown,,,False,,Unknown,Unknown,Unknown,,,Unknown,Unknown,,,P3HT,,,,Spin-coating,Unknown,Unknown,,,,Unknown,,Unknown,Unknown,,Unknown,Unknown,,Unknown,Unknown,Unknown,Unknown,Unknown,Unknown,Unknown,Unknown,Unknown,,,Au,100,,,Evaporation,Unknown,Unknown,,,,Unknown,,Unknown,Unknown,,Unknown,Unknown,,Unknown,Unknown,Unknown,Unknown,Unknown,Unknown,Unknown,Unknown,Unknown,,,False,,Unknown,,,,Unknown,Unknown,Unknown,,,,Unknown,,Unknown,Unknown,,Unknown,Unknown,,Unknown,Unknown,Unknown,Unknown,Unknown,Unknown,Unknown,Unknown,Unknown,,,False,,Unknown,,,,Unknown,Unknown,Unknown,,,,Unknown,,Unknown,Unknown,,Unknown,Unknown,,Unknown,Unknown,Unknown,Unknown,Unknown,Unknown,Unknown,Unknown,Unknown,,,True,SLG,Polyisobutene,Unknown,,,True,1,False,,Unknown,Unknown,,Unknown,,,,,,100.0,AM 1.5,nan; nan,,False,,1000.0,,,,Light soaking,900.0,,,0.962,13.4,0.598,7.7,,,,,,,,,,,,,,0.962,13.4,0.598,7.7,Reversed,Reversed,Reversed,Reversed,,False,,,,,,,,False,,,,True,ISOS-D-1,1,Dark,,,0.0,,nan; nan,,,Unknown,False,Open circuit,nan; nan,,,25.0; 25.0,Unknown,,Air,,,nan; nan,50.0,720.0,False,Unknown,6.2,False,115.0,,,,,,,,,0,,,,,False,,1,,,nan; nan,,,,0,,0000:00:00:00:00,0000:00:00:00:00,,,nan; nan,,,nan; nan,,False,,,False,,,,,,,,,,,False,,False,,False,,SLG Polyisobutene
7629,7629,Diego DiGirolamo,False,10.1021/acsenergylett.7b00751,Lau et al.,42989,ACS Energy Letters,True,Historic dataset on 2020 11 22_v7.xlsx,,,SLG | FTO | TiO2-c | TiO2-mp | Perovskite | P3HT | Au,,0.159,0,nip,False,,False,,nan; nan,,False,0,,,False,SLG | FTO,,,,,Unknown,,,,TiO2-c | TiO2-mp,nan | 150.0,Unknown,,Spray-pyrolys | Spin-coating,Unknown,Unknown,,,,Unknown,,Unknown,Unknown,,Unknown,Unknown,,Unknown,Unknown,Unknown,Unknown,Unknown,Unknown,Unknown,,Unknown,,,False,False,False,False,True,False,3.0,True,False,Cs,1,Pb,1,Br; I,1; 2,,CsPbBrI,CsPbBrI2,,True,False,Sr,0.02,250.0,,False,,661.0,1,Spin-coating,Liquid,N2,,,,DMF; DMSO,2; 1,Unknown,Unknown,,Unknown,Unknown,,Unknown,Unknown,Unknown,Unknown,True,N2,,Unknown,,,100,5,Unknown,,,False,,Unknown,Unknown,Unknown,,,Unknown,Unknown,,,P3HT,,,,Spin-coating,Unknown,Unknown,,,,Unknown,,Unknown,Unknown,,Unknown,Unknown,,Unknown,Unknown,Unknown,Unknown,Unknown,Unknown,Unknown,Unknown,Unknown,,,Au,100,,,Evaporation,Unknown,Unknown,,,,Unknown,,Unknown,Unknown,,Unknown,Unknown,,Unknown,Unknown,Unknown,Unknown,Unknown,Unknown,Unknown,Unknown,Unknown,,,False,,Unknown,,,,Unknown,Unknown,Unknown,,,,Unknown,,Unknown,Unknown,,Unknown,Unknown,,Unknown,Unknown,Unknown,Unknown,Unknown,Unknown,Unknown,Unknown,Unknown,,,False,,Unknown,,,,Unknown,Unknown,Unknown,,,,Unknown,,Unknown,Unknown,,Unknown,Unknown,,Unknown,Unknown,Unknown,Unknown,Unknown,Unknown,Unknown,Unknown,Unknown,,,True,SLG,Polyisobutene,Unknown,,,True,1,False,,Unknown,Unknown,,Unknown,,,,,,100.0,AM 1.5,nan; nan,,False,,1000.0,,,,Light soaking,900.0,,,1.043,15.3,0.699,11.2,,,,,1.088,15.1,0.569,9.4,,,,,,1.043,15.3,0.699,10.8,Reversed,Reversed,Reversed,Stabilised,0.547084906,True,,,,10.8,,,,False,,,,True,ISOS-D-1,1,Dark,,,0.0,,nan; nan,,,Unknown,False,Open circuit,nan; nan,,,25.0; 25.0,Unknown,,Air,,,nan; nan,50.0,720.0,False,Unknown,6.2,False,120.0,,,,,,,,,0,,,,,False,,1,,,nan; nan,,,,0,,0000:00:00:00:00,0000:00:00:00:00,,,nan; nan,,,nan; nan,,False,,,False,,,,,,,,,,,False,,False,,False,,SLG Polyisobutene
8147,8147,Donglin Jia,False,10.1002/cssc.201600933,Baranwal et al.,42628,ChemSusChem,True,Historic dataset on 2020 11 22_v7.xlsx,,3431,SLG | FTO | TiO2-c | TiO2-mp | ZrO2-mp | Perovskite | Carbon,,0.04,0,nip,False,,False,,nan; nan,,False,0,,,False,SLG | FTO,,,,,Unknown,,,,TiO2-c | TiO2-mp,,Unknown,,Screen printing | Screen printing,Unknown,Unknown,,,,Unknown,,Unknown,Unknown,,Unknown,Unknown,,Unknown,Unknown,Unknown,Unknown,Unknown,Unknown,Unknown,,Unknown,,,False,False,False,False,True,False,3.0,True,False,MA,1,Pb,1,I,3,,MAPbI,MAPbI3,,False,False,,,,1.6,False,Composition,,1,Drop-infiltration,Liquid,Air,,,,DMF,1,Unknown,Unknown,,Unknown,Unknown,,Unknown,Unknown,Unknown,Unknown,False,Unknown,,Unknown,,,70,30,Unknown,,,False,,Unknown,Unknown,Unknown,,,Unknown,Unknown,,,none,,,,Unknown,Unknown,Unknown,,,,Unknown,,Unknown,Unknown,,Unknown,Unknown,,Unknown,Unknown,Unknown,Unknown,Unknown,Unknown,Unknown,Unknown,Unknown,,,Carbon,,,,Screen printing,Unknown,Unknown,,,,Unknown,,Unknown,Unknown,,Unknown,Unknown,,Unknown,Unknown,Unknown,Unknown,Unknown,Unknown,Unknown,Unknown,Unknown,,,False,,Unknown,,,,Unknown,Unknown,Unknown,,,,Unknown,,Unknown,Unknown,,Unknown,Unknown,,Unknown,Unknown,Unknown,Unknown,Unknown,Unknown,Unknown,Unknown,Unknown,,,False,,Unknown,,,,Unknown,Unknown,Unknown,,,,Unknown,,Unknown,Unknown,,Unknown,Unknown,,Unknown,Unknown,Unknown,Unknown,Unknown,Unknown,Unknown,Unknown,Unknown,,,True,SLG,UV-glue (3035B ThreeBond Holdings),Ambient,,,True,1,False,,Unknown,Unknown,,Air,,,,,,100.0,AM 1.5,nan; nan,,False,,,,,,,,,,0.8,8.74,0.69,4.83,,,,,0.81,8.68,0.67,4.7,,,,,,0.8,8.74,0.69,4.83,Reversed,Reversed,Reversed,Reversed,0.078972312,False,,,,,,,,False,,,,True,ISOS-D-2,1,Dark,,,0.0,,nan; nan,,,Unknown,False,Open circuit,nan; nan,,,100.0; 100.0,Unknown,,Air,,,nan; nan,75.0,1500.0,False,Unknown,,False,100.0,,,,,,,,,0,,,,,False,,1,,,nan; nan,,,,0,,0000:00:00:00:00,0000:00:00:00:00,,,nan; nan,,,nan; nan,,False,,,False,,,,,,,,,,,False,,False,,False,,SLG UV-glue (3035B ThreeBond Holdings)
8748,8748,Elena Avilia,False,10.1038/nature18306,Tsai et al.,05/07/2016,Nature,True,Historic dataset on 2020 11 22_v7.xlsx,,2D (BA)2(MA)3Pb4I13,SLG | FTO | PEDOT:PSS | Perovskite | PCBM-60 | Al,,0.05,0,pin,False,,False,,nan; nan,,False,0,,,False,SLG | FTO,,,,,Unknown,,,,PCBM-60,,Unknown,,Spin-coating,Unknown,Unknown,,,,Unknown,,Unknown,Unknown,,Unknown,Unknown,,Unknown,Unknown,Unknown,Unknown,Unknown,Unknown,Unknown,,Unknown,,,False,False,True,False,False,False,2,True,False,BA; MA,2; 3,Pb,4,I,13,,BAMAPbI,BA2MA3Pb4I13,,False,False,,,230,1.66,False,,,1,Spin-coating,Liquid,Ar,,,,DMF,1,Unknown,Unknown,,Unknown,Unknown,,Unknown,Unknown,Unknown,Unknown,False,Unknown,,Unknown,,,150,10,Unknown,,,False,,Unknown,Unknown,Unknown,,,Unknown,Unknown,,,PEDOT:PSS,,,,Spin-coating,Unknown,Unknown,,,,Unknown,,Unknown,Unknown,,Unknown,Unknown,,Unknown,Unknown,Unknown,Unknown,Unknown,Unknown,Unknown,Unknown,Unknown,,,Al,,,,Evaporation,Unknown,Unknown,,,,Unknown,,Unknown,Unknown,,Unknown,Unknown,,Unknown,Unknown,Unknown,Unknown,Unknown,Unknown,Unknown,Unknown,Unknown,,,False,,Unknown,,,,Unknown,Unknown,Unknown,,,,Unknown,,Unknown,Unknown,,Unknown,Unknown,,Unknown,Unknown,Unknown,Unknown,Unknown,Unknown,Unknown,Unknown,Unknown,,,False,,Unknown,,,,Unknown,Unknown,Unknown,,,,Unknown,,Unknown,Unknown,,Unknown,Unknown,,Unknown,Unknown,Unknown,Unknown,Unknown,Unknown,Unknown,Unknown,Unknown,,,True,SLG,Epoxy,Ar,,,False,1,False,,Unknown,Unknown,,Air,,,,,,100.0,AM 1.5,nan; nan,,False,,,,,,,,,,,,,,,,,,,,,,,,,,,,,,,,,,,,False,,,,,,,,False,,,,True,ISOS-L-1I,1,Light,,,100.0,,nan; nan,,,Unknown,False,Open circuit,nan; nan,,,25.0; 25.0,Unknown,,Unknown,,,nan; nan,,2700.0,False,Unknown,,False,100.0,,,,,,,,,0,,,,,False,,1,,,nan; nan,,,,0,,0000:00:00:00:00,0000:00:00:00:00,,,nan; nan,,,nan; nan,,False,,,False,,,,,,,,,,,False,,False,,False,,SLG Epoxy
9950,9950,Florian Mathies,False,10.1021/acsenergylett.9b00937,Lau et al.,43587,ACS Energy Letters,True,Historic dataset on 2020 11 22_v7.xlsx,,CsPb0.98Sr0.02I2Br,SLG | FTO | TiO2-c | TiO2-mp | Perovskite | P3HT | Au,,0.159,0,nip,False,,False,,nan; nan,,False,0,,,False,SLG | FTO,,,,,Unknown,,,,TiO2-c | TiO2-mp,nan | 150.0,Unknown,,Spray-pyrolys | Spin-coating,Unknown,Unknown,,,,Unknown,,Unknown,Unknown,,Unknown,Unknown,,Unknown,Unknown,Unknown,Unknown,Unknown,Unknown,Unknown,,Unknown,,,False,False,False,False,True,False,3.0,True,False,Cs,1,Pb; Sr,0.98; 0.02,Br; I,1; 2,,CsPbSrBrI,CsPb0.98Sr0.02BrI2,,True,False,,,,,False,,,1,Spin-coating,Liquid,N2,,,,DMF; DMSO,2; 1,Unknown,Unknown,,Unknown,Unknown,,Unknown,Unknown,Unknown,Unknown,True,N2,,Unknown,,,100,5,Unknown,,,False,,Unknown,Unknown,Unknown,,,Unknown,Unknown,,,P3HT,,,,Spin-coating,Unknown,Unknown,,,,Unknown,,Unknown,Unknown,,Unknown,Unknown,,Unknown,Unknown,Unknown,Unknown,Unknown,Unknown,Unknown,Unknown,Unknown,,,Au,100,,,Evaporation,Unknown,Unknown,,,,Unknown,,Unknown,Unknown,,Unknown,Unknown,,Unknown,Unknown,Unknown,Unknown,Unknown,Unknown,Unknown,Unknown,Unknown,,,False,,Unknown,,,,Unknown,Unknown,Unknown,,,,Unknown,,Unknown,Unknown,,Unknown,Unknown,,Unknown,Unknown,Unknown,Unknown,Unknown,Unknown,Unknown,Unknown,Unknown,,,False,,Unknown,,,,Unknown,Unknown,Unknown,,,,Unknown,,Unknown,Unknown,,Unknown,Unknown,,Unknown,Unknown,Unknown,Unknown,Unknown,Unknown,Unknown,Unknown,Unknown,,,True,SLG,Polyisobutene,Unknown,,,True,1,False,,Unknown,Unknown,,Ambient,,,,,,100.0,AM 1.5,nan; nan,,False,,100.0,,,,Light soaking,900.0,,,1.043,15.3,0.699,11.2,,,,,,,,,,,,,,1.043,15.3,0.699,11.2,Reversed,Reversed,Reversed,Reversed,,False,,,,,,,,False,,,,True,ISOS-D-1,1,Dark,,,0.0,,nan; nan,,,Unknown,False,Open circuit,nan; nan,,,25.0; 25.0,Unknown,,Air,,,nan; nan,50.0,744.0,False,Unknown,9.5,False,120.0,,,,,,,,,0,,,,,False,,1,,,nan; nan,,,,0,,0000:00:00:00:00,0000:00:00:00:00,,,nan; nan,,,nan; nan,,False,,,False,,,,,,,,,,,False,,False,,False,,SLG Polyisobutene
10938,10938,Gerrit Boschloo,False,10.1021/acsenergylett.8b00692,Subbiah et al.,01/06/2018,ACS Energy Letters,True,Historic dataset on 2020 11 22_v7.xlsx,,NPT_SnO2,SLG | FTO | SnO2-c | Perovskite | Spiro-MeOTAD | Au,,0.0314,0,nip,False,,False,,nan; nan,,False,0,,,False,SLG | FTO,,,,,Unknown,,,,SnO2-c,20,Unknown,,Spin-coating,Unknown,Unknown,,,,Unknown,,Unknown,Unknown,,Unknown,Unknown,,Unknown,Unknown,Unknown,Unknown,Unknown,Unknown,Unknown,,Unknown,,,False,False,False,False,True,False,3,True,False,Cs; FA; MA,0.05; 0.79; 0.16,Pb,1,Br; I,0.51; 2.49,PbI2,CsFAMAPbBrI,Cs0.05FA0.79MA0.16PbBr0.51I2.49,,False,False,,,500,,False,,,1,Spin-coating,Liquid,N2,,,,DMF; DMSO,4; 1,Unknown,Unknown,,Unknown,Unknown,,Unknown,Unknown,Unknown,Unknown,True,Chlorobenzene,,Unknown,,,100,60,Unknown,,,False,,Unknown,Unknown,Unknown,,,Unknown,Unknown,,,Spiro-MeOTAD,,Li-TFSI; TBP,,Spin-coating,Unknown,Unknown,,,,Unknown,,Unknown,Unknown,,Unknown,Unknown,,Unknown,Unknown,Unknown,Unknown,Unknown,Unknown,Unknown,Unknown,Unknown,,,Au,100,,,Evaporation,Unknown,Unknown,,,,Unknown,,Unknown,Unknown,,Unknown,Unknown,,Unknown,Unknown,Unknown,Unknown,Unknown,Unknown,Unknown,Unknown,Unknown,,,False,,Unknown,,,,Unknown,Unknown,Unknown,,,,Unknown,,Unknown,Unknown,,Unknown,Unknown,,Unknown,Unknown,Unknown,Unknown,Unknown,Unknown,Unknown,Unknown,Unknown,,,False,,Unknown,,,,Unknown,Unknown,Unknown,,,,Unknown,,Unknown,Unknown,,Unknown,Unknown,,Unknown,Unknown,Unknown,Unknown,Unknown,Unknown,Unknown,Unknown,Unknown,,,True,Epoxy,Unknown,Unknown,,,False,1,False,,Unknown,Unknown,,Air,,,,,,100.0,AM 1.5,nan; nan,,False,,500.0,,,,,,,,,,,,,,,,,,,,,,,,,,,,,,,,,,False,,,,,,,,False,,,,True,ISOS-L-1,1,Solar simulator,,,100.0,AM 1.5,nan; nan,,,Unknown,False,MPPT,nan; nan,,,20.0; 20.0,Unknown,,Air,,,nan; nan,,2.0,False,Unknown,18.4,False,100.0,,,,,,,,,0,,,,,False,,1,,,nan; nan,,,,0,,0000:00:00:00:00,0000:00:00:00:00,,,nan; nan,,,nan; nan,,False,,,False,,,,,,,,,,,False,,False,,False,,Epoxy Unknown
10976,10976,Gerrit Boschloo,False,10.1039/c8se00450a,Baranwal et al.,23/10/2018,Sustainable Energy & Fuels,True,Historic dataset on 2020 11 22_v7.xlsx,,,SLG | FTO | TiO2-c | TiO2-mp | Perovskite | Carbon,,0.16,0,nip,False,,False,,nan; nan,,False,0,,,False,SLG | FTO,,,,,Unknown,,,,TiO2-c | TiO2-mp,50.0 | 200.0,Unknown | TiCl4,,Spray-pyrolys | Spin-coating >> CBD,Unknown,Unknown,,,,Unknown,,Unknown,Unknown,,Unknown,Unknown,,Unknown,Unknown,Unknown,Unknown,Unknown,Unknown,Unknown,,Unknown,,,False,False,False,False,True,False,3,True,False,MA,1,Pb,1,I,3,,MAPbI,MAPbI3,,False,False,,,400,1.6,False,Composition,,1,Spin-coating,Liquid,N2,,,,DMF; DMSO,9; 1,Unknown,Unknown,,Unknown,Unknown,,Unknown,Unknown,Unknown,Unknown,True,Chlorobenzene,,Unknown,,,60; 100,10.0; 10.0,Unknown,,,False,,Unknown,Unknown,Unknown,,,Unknown,Unknown,,,none,,,,Unknown,Unknown,Unknown,,,,Unknown,,Unknown,Unknown,,Unknown,Unknown,,Unknown,Unknown,Unknown,Unknown,Unknown,Unknown,Unknown,Unknown,Unknown,,,Carbon,120000,,,Doctor blading,Unknown,Unknown,,,,Unknown,,Unknown,Unknown,,Unknown,Unknown,,Unknown,Unknown,Unknown,Unknown,Unknown,Unknown,Unknown,Unknown,Unknown,,,False,,Unknown,,,,Unknown,Unknown,Unknown,,,,Unknown,,Unknown,Unknown,,Unknown,Unknown,,Unknown,Unknown,Unknown,Unknown,Unknown,Unknown,Unknown,Unknown,Unknown,,,False,,Unknown,,,,Unknown,Unknown,Unknown,,,,Unknown,,Unknown,Unknown,,Unknown,Unknown,,Unknown,Unknown,Unknown,Unknown,Unknown,Unknown,Unknown,Unknown,Unknown,,,True,SLG,UV-glue,Air,,,True,1,False,,Unknown,Unknown,,Air,,,,,,100.0,AM 1.5,nan; nan,,False,,50.0,,,,,,,,0.93,18.79,0.63,18.79,,,,,0.92,18.49,0.56,9.55,,,,,,0.93,18.79,0.63,18.79,Reversed,Reversed,Reversed,Reversed,1.273845335,False,,,,,,,,False,,,,True,ISOS-D-1,1,Dark,,,0.0,,nan; nan,,,Unknown,False,Open circuit,nan; nan,,,25.0; 25.0,Unknown,,Air,,,nan; nan,60.0,4500.0,False,Unknown,7.7,False,106.0,,,,,,,,,0,,,,,False,,1,,,nan; nan,,,,0,,0000:00:00:00:00,0000:00:00:00:00,,,nan; nan,,,nan; nan,,False,,,False,,,,,,,,,,,False,,False,,False,,SLG UV-glue
14149,14149,Hua Wu,False,10.1016/j.solmat.2019.03.004,Islam et al.,20/03/2019,Solar Energy Materials and Solar Cells,True,Historic dataset on 2020 11 22_v7.xlsx,,,SLG | ITO | NiO-c | Perovskite | PCBM-60 | AZO-np | ITO,,0.19,0,pin,False,,True,,nan; nan,,False,0,,,False,SLG | ITO,,,,,Unknown,,,,PCBM-60 | AZO-np,40,Unknown,,Spin-coating | Spin-coating,Unknown,Unknown,,,,Unknown,,Unknown,Unknown,,Unknown,Unknown,,Unknown,Unknown,Unknown,Unknown,Unknown,Unknown,Unknown,,Unknown,,,False,False,False,False,True,False,3,True,False,MA,1,Pb,1,I,3,,MAPbI,MAPbI3,,False,False,Cl,5 wt%,290,1.6,False,Composition,,2,Spin-coating >> Spin-coating,Liquid >> Liquid,N2 >> N2,,,,DMF >> Ethanol,1 >> 1,Unknown,Unknown,,Unknown,Unknown,,Unknown,Unknown,Unknown,Unknown,False,Unknown,,Unknown,,,Unknown >> 100.0,Unknown,Unknown,,,True,,MACl,Unknown,Unknown,,,Unknown,Unknown,,,NiO-c,,,,Sputtering,Unknown,Unknown,,,,Unknown,,Unknown,Unknown,,Unknown,Unknown,,Unknown,Unknown,Unknown,Unknown,Unknown,Unknown,Unknown,Unknown,Unknown,,,ITO,,,,Sputtering,Unknown,Unknown,,,,Unknown,,Unknown,Unknown,,Unknown,Unknown,,Unknown,Unknown,Unknown,Unknown,Unknown,Unknown,Unknown,Unknown,Unknown,,,False,,Unknown,,,,Unknown,Unknown,Unknown,,,,Unknown,,Unknown,Unknown,,Unknown,Unknown,,Unknown,Unknown,Unknown,Unknown,Unknown,Unknown,Unknown,Unknown,Unknown,,,False,,Unknown,,,,Unknown,Unknown,Unknown,,,,Unknown,,Unknown,Unknown,,Unknown,Unknown,,Unknown,Unknown,Unknown,Unknown,Unknown,Unknown,Unknown,Unknown,Unknown,,,True,SLG,UV-curable epoxy,N2,,,True,1,False,,Unknown,Unknown,,Air,,,,,,100.0,AM 1.5,nan; nan,,False,,,,,,,,,,1.06,19.69,0.6,12.52,,,,,,,,,,,,,,1.06,19.69,0.6,12.52,Reversed,Reversed,Reversed,Reversed,,False,,,,,,,,False,,,,True,ISOS-L-1,1,Light,,,100.0,,nan; nan,,,Unknown,False,MPPT,nan; nan,,,30.0; 30.0,Unknown,,Air,,,nan; nan,,1000.0,False,Unknown,,False,100.0,,,,,,,100.0,,0,,,,,False,,1,,,nan; nan,,,,0,,0000:00:00:00:00,0000:00:00:00:00,,,nan; nan,,,nan; nan,,False,,,False,,,,,,,,,,,False,,False,,False,,SLG UV-curable epoxy
14393,14393,Hua Wu,False,10.1126/science.aaf8060,Li et al.,09/06/2016,Science,True,Historic dataset on 2020 11 22_v7.xlsx,,,SLG | FTO | TiO2-c | TiO2-mp | Perovskite | Spiro-MeOTAD | Au,,1.0,0,nip,False,,False,,nan; nan,,False,0,,,False,SLG | FTO,,,,,Unknown,,,,TiO2-c | TiO2-mp,30.0 | 150.0,Unknown,,Spray-pyrolys | Spin-coating,Unknown,Unknown,,,,Unknown,,Unknown,Unknown,,Unknown,Unknown,,Unknown,Unknown,Unknown,Unknown,Unknown,Unknown,Unknown,,Unknown,,,False,False,False,False,True,False,3,True,False,FA; MA,0.81; 0.15,Pb,1,Br; I,0.45; 2.51,,FAMAPbBrI,FA0.81MA0.15PbBr0.45I2.51,,False,False,,,,,False,,,1,Spin-coating,Liquid,Air,,,,DMF; GBL,1; 1.1,Unknown,Unknown,,Unknown,Unknown,,Unknown,Unknown,Unknown,Unknown,True,Vacuum,,Unknown,,,100,30,Unknown,,,False,,Unknown,Unknown,Unknown,,,Unknown,Unknown,,,Spiro-MeOTAD,,Li-TFSI; TBP,,Spin-coating,Unknown,Unknown,,,,Unknown,,Unknown,Unknown,,Unknown,Unknown,,Unknown,Unknown,Unknown,Unknown,Unknown,Unknown,Unknown,Unknown,Unknown,,,Au,80,,,Evaporation,Unknown,Unknown,,,,Unknown,,Unknown,Unknown,,Unknown,Unknown,,Unknown,Unknown,Unknown,Unknown,Unknown,Unknown,Unknown,Unknown,Unknown,,,False,,Unknown,,,,Unknown,Unknown,Unknown,,,,Unknown,,Unknown,Unknown,,Unknown,Unknown,,Unknown,Unknown,Unknown,Unknown,Unknown,Unknown,Unknown,Unknown,Unknown,,,False,,Unknown,,,,Unknown,Unknown,Unknown,,,,Unknown,,Unknown,Unknown,,Unknown,Unknown,,Unknown,Unknown,Unknown,Unknown,Unknown,Unknown,Unknown,Unknown,Unknown,,,True,Unknown,Unknown,Unknown,,,True,1,False,,Unknown,Unknown,,Air,,,,,,100.0,AM 1.5,nan; nan,,False,,50.0,,,,,,,,1.147,23.35,0.748,20.18,,,,,,,,,,,,,,1.147,23.35,0.748,20.18,Reversed,Reversed,Reversed,Reversed,,False,,,,,,,,False,,,,True,ISOS-D-1,1,Dark,,,0.0,,nan; nan,,,Unknown,False,Open circuit,nan; nan,,,25.0; 25.0,Unknown,,Air,,,nan; nan,,936.0,False,Unknown,,False,100.0,,,,,,,,,0,,,,,False,,1,,,nan; nan,,,,0,,0000:00:00:00:00,0000:00:00:00:00,,,nan; nan,,,nan; nan,,False,,,False,,,,,,,,,,,False,,False,,False,,Unknown Unknown
14638,14638,Iacopo Benesperi,False,10.1002/adma.201903721,Meng et al.,09/09/2019,Advanced Materials,True,Historic dataset on 2020 11 22_v7.xlsx,,FASnI3-PVA,SLG | ITO | PEDOT:PSS | Perovskite | C60 | BCP | Ag,,0.09,0,pin,False,,False,,nan; nan,,False,0,,,False,SLG | ITO,,,,,Unknown,,,,C60 | BCP,38,Unknown,,Evaporation | Evaporation,Unknown,Unknown,,,,Unknown,,Unknown,Unknown,,Unknown,Unknown,,Unknown,Unknown,Unknown,Unknown,Unknown,Unknown,Unknown,,Unknown,,,False,False,False,False,True,False,3,True,False,FA,1,Sn,1,I,3,,FASnI,FASnI3,,False,True,PVA; SnF2,,,,False,,882.0,1,Spin-coating,Liquid,N2,,,,DMSO,1,Unknown,Unknown,,Unknown,Unknown,,Unknown,Unknown,Unknown,Unknown,True,Chlorobenzene,,Unknown,,,60; 100,0.17; 12.0,Unknown,,,False,,Unknown,Unknown,Unknown,,,Unknown,Unknown,,,PEDOT:PSS,,,,Spin-coating,Unknown,Unknown,,,,Unknown,,Unknown,Unknown,,Unknown,Unknown,,Unknown,Unknown,Unknown,Unknown,Unknown,Unknown,Unknown,Unknown,Unknown,,,Ag,60,,,Evaporation,Unknown,Unknown,,,,Unknown,,Unknown,Unknown,,Unknown,Unknown,,Unknown,Unknown,Unknown,Unknown,Unknown,Unknown,Unknown,Unknown,Unknown,,,False,,Unknown,,,,Unknown,Unknown,Unknown,,,,Unknown,,Unknown,Unknown,,Unknown,Unknown,,Unknown,Unknown,Unknown,Unknown,Unknown,Unknown,Unknown,Unknown,Unknown,,,False,,Unknown,,,,Unknown,Unknown,Unknown,,,,Unknown,,Unknown,Unknown,,Unknown,Unknown,,Unknown,Unknown,Unknown,Unknown,Unknown,Unknown,Unknown,Unknown,Unknown,,,True,SLG,UV-curable epoxy,N2,,,True,1,False,,Unknown,Unknown,,Unknown,,,,,,100.0,AM 1.5,nan; nan,,False,,200.0,,,,Light soaking,,,,0.632,20.37,0.693,8.92,,,,,0.614,20.16,0.686,8.49,,,,,,0.632,20.37,0.693,8.62,Reversed,Reversed,Reversed,Stabilised,0.1038638,True,,,,8.62,,,,False,,,,True,ISOS-L-1,1,Solar simulator,,,100.0,AM 1.5,nan; nan,,,Unknown,True,MPPT,nan; nan,,,25.0; 25.0,Unknown,,Air,,,nan; nan,,400.0,False,Unknown,,False,100.0,,,,,,,,,0,,,,,False,,1,,,nan; nan,,,,0,,0000:00:00:00:00,0000:00:00:00:00,,,nan; nan,,,nan; nan,,False,,,False,,,,,,,,,,,False,,False,,False,,SLG UV-curable epoxy
14738,14738,Iacopo Benesperi,False,10.1039/c9tc03877a,Nakayama et al.,43706,Journal of Materials Chemistry C,True,Historic dataset on 2020 11 22_v7.xlsx,,2PDI-4S annealed stability,SLG | ITO | PTAA | Perovskite | 2PDI-4S | PEIE | Ag,,0.16,0,pin,False,,False,,nan; nan,,False,0,,,False,SLG | ITO,,,,,Unknown,,,,2PDI-4S | PEIE,,Unknown,,Spin-coating | Spin-coating,Unknown,Unknown,,,,Unknown,,Unknown,Unknown,,Unknown,Unknown,,Unknown,Unknown,Unknown,Unknown,Unknown,Unknown,Unknown,,Unknown,,,False,False,False,False,True,False,3.0,True,False,MA,1,Pb,1,I,3,,MAPbI,MAPbI3,,False,False,,,400.0,1.6,False,Composition,,1,Spin-coating,Liquid,N2,,,,DMF; DMSO,9; 1,Unknown,Unknown,,Unknown,Unknown,,Unknown,Unknown,Unknown,Unknown,True,Chlorobenzene,,Unknown,,,100,10,Unknown,,,False,,Unknown,Unknown,Unknown,,,Unknown,Unknown,,,PTAA,5,,,Spin-coating,Unknown,Unknown,,,,Unknown,,Unknown,Unknown,,Unknown,Unknown,,Unknown,Unknown,Unknown,Unknown,Unknown,Unknown,Unknown,Unknown,Unknown,,,Ag,80,,,Evaporation,Unknown,Unknown,,,,Unknown,,Unknown,Unknown,,Unknown,Unknown,,Unknown,Unknown,Unknown,Unknown,Unknown,Unknown,Unknown,Unknown,Unknown,,,False,,Unknown,,,,Unknown,Unknown,Unknown,,,,Unknown,,Unknown,Unknown,,Unknown,Unknown,,Unknown,Unknown,Unknown,Unknown,Unknown,Unknown,Unknown,Unknown,Unknown,,,False,,Unknown,,,,Unknown,Unknown,Unknown,,,,Unknown,,Unknown,Unknown,,Unknown,Unknown,,Unknown,Unknown,Unknown,Unknown,Unknown,Unknown,Unknown,Unknown,Unknown,,,True,Glass,UV-glue,N2,,,False,1,False,,Unknown,Unknown,,N2,,,,,,100.0,AM 1.5,nan; nan,,False,,210.0,,,,,,,,,,,,,,,,,,,,,,,,,,,,,,,,,,False,,,,,,,,False,,,,True,ISOS-L-1I,1,Light,,,100.0,,nan; nan,,,Unknown,False,MPPT,nan; nan,,,35.0; 35.0,Unknown,,Unknown,,,nan; nan,,400.0,False,Unknown,10.4,False,119.0,,,,,,,,,0,,,,,False,,1,,,nan; nan,,,,0,,0000:00:00:00:00,0000:00:00:00:00,,,nan; nan,,,nan; nan,,False,,,False,,,,,,,,,,,False,,False,,False,,Glass UV-glue
14891,14891,Iacopo Benesperi,False,10.1039/c6ta02851a,Liu et al.,14/06/2016,Journal of Materials Chemistry A,True,Historic dataset on 2020 11 22_v7.xlsx,,"packaged, champion",SLG | FTO | TiO2-c | TiO2-mp | Perovskite | Carbon,,0.125,0,nip,False,,False,,nan; nan,,False,0,,,False,SLG | FTO,,,,,Unknown,,,,TiO2-c | TiO2-mp,nan | 480.0,Unknown,,Spin-coating | Spin-coating,Unknown,Unknown,,,,Unknown,,Unknown,Unknown,,Unknown,Unknown,,Unknown,Unknown,Unknown,Unknown,Unknown,Unknown,Unknown,,Unknown,,,False,False,False,False,True,False,3,True,False,MA,1,Pb,1,I,3,,MAPbI,MAPbI3,,False,False,,,1070,1.5,False,,775.0,2,Spin-coating >> CBD,Liquid >> Liquid,Air >> Air,,,,DMF; DMSO >> IPA,5; 1 >> 1,Unknown,Unknown,,Unknown,Unknown,,Unknown,Unknown,Unknown,Unknown,False,Unknown,,Unknown,,,70.0 >> 70.0,10.0 >> 10.0,Unknown,,,False,,Unknown,Unknown,Unknown,,,Unknown,Unknown,,,none,,,,Unknown,Unknown,Unknown,,,,Unknown,,Unknown,Unknown,,Unknown,Unknown,,Unknown,Unknown,Unknown,Unknown,Unknown,Unknown,Unknown,Unknown,Unknown,,,Carbon,25800,,,Doctor blading,Unknown,Unknown,,,,Unknown,,Unknown,Unknown,,Unknown,Unknown,,Unknown,Unknown,Unknown,Unknown,Unknown,Unknown,Unknown,Unknown,Unknown,,,False,,Unknown,,,,Unknown,Unknown,Unknown,,,,Unknown,,Unknown,Unknown,,Unknown,Unknown,,Unknown,Unknown,Unknown,Unknown,Unknown,Unknown,Unknown,Unknown,Unknown,,,False,,Unknown,,,,Unknown,Unknown,Unknown,,,,Unknown,,Unknown,Unknown,,Unknown,Unknown,,Unknown,Unknown,Unknown,Unknown,Unknown,Unknown,Unknown,Unknown,Unknown,,,True,PDMS,PDMS,Air,,,True,1,False,,Unknown,Unknown,,Air,,,,,,100.0,AM 1.5,nan; nan,,False,,,,,,,,,,0.97,23.5,0.474,10.8,,,,,,,,,,,,,,0.97,23.5,0.474,10.8,Reversed,Reversed,Reversed,Reversed,,False,,,,,,,,False,,,,True,ISOS-D-1,1,Dark,,,0.0,,nan; nan,,,Unknown,False,Open circuit,nan; nan,,,25.0; 25.0,Unknown,,Air,,,nan; nan,20.0,3000.0,False,Unknown,8.61,False,109.0,,,,,,,109.0,,0,,,,,False,,1,,,nan; nan,,,,0,,0000:00:00:00:00,0000:00:00:00:00,,,nan; nan,,,nan; nan,,False,,,False,,,,,,,,,,,False,,False,,False,,PDMS PDMS
17477,17477,T. Jesper Jacobsson,False,10.1021/jacs.7b07949,Liang et al.,21/09/2017,Journal of the American Chemical Society,True,Historic dataset on 2020 11 22_v7.xlsx,,,SLG | FTO | TiO2-c | TiO2-mp | Perovskite | Carbon,,0.09,0,nip,False,,False,,nan; nan,,False,0,,,False,SLG | FTO,,,,,Unknown,,,,TiO2-c | TiO2-mp,,Unknown | TiCl4,,Spin-coating | Spin-coating,Unknown,Unknown,,,,Unknown,,Unknown,Unknown,,Unknown,Unknown,,Unknown,Unknown,Unknown,Unknown,Unknown,Unknown,Unknown,,Unknown,,,False,False,False,False,True,False,3,True,False,Cs,1,Pb; Sn,0.9; 0.1,Br; I,2; 1,,CsPbSnBrI,CsPb0.9Sn0.1Br2I,,True,False,,,,1.79,False,,,2,Spin-coating >> CBD,Liquid,Air >> Air,,,,DMF; DMSO >> Methanol,4; 1 >> 1,Unknown,Unknown,,Unknown,Unknown,,Unknown,Unknown,Unknown,Unknown,False,Unknown,,Unknown,,,80.0 >> 350.0,30.0 >> 10.0,Unknown,,,False,,Unknown,Unknown,Unknown,,,Unknown,Unknown,,,none,,,,Unknown,Unknown,Unknown,,,,Unknown,,Unknown,Unknown,,Unknown,Unknown,,Unknown,Unknown,Unknown,Unknown,Unknown,Unknown,Unknown,Unknown,Unknown,,,Carbon,,,,Doctor blading,Unknown,Unknown,,,,Unknown,,Unknown,Unknown,,Unknown,Unknown,,Unknown,Unknown,Unknown,Unknown,Unknown,Unknown,Unknown,Unknown,Unknown,,,False,,Unknown,,,,Unknown,Unknown,Unknown,,,,Unknown,,Unknown,Unknown,,Unknown,Unknown,,Unknown,Unknown,Unknown,Unknown,Unknown,Unknown,Unknown,Unknown,Unknown,,,False,,Unknown,,,,Unknown,Unknown,Unknown,,,,Unknown,,Unknown,Unknown,,Unknown,Unknown,,Unknown,Unknown,Unknown,Unknown,Unknown,Unknown,Unknown,Unknown,Unknown,,,True,Surlyn | SLG,Unknown,Unknown,,,False,1,False,,Unknown,Unknown,,Unknown,,,,,,100.0,AM 1.5,nan; nan,,False,,200.0,,,,Light soaking,,,,,,,,,,,,,,,,,,,,,,,,,,,,,,False,,,,,,,,False,,,,True,ISOS-L-1I,1,Light,,,100.0,,nan; nan,,,Unknown,False,Open circuit,nan; nan,,,25.0; 25.0,Unknown,,Unknown,,,nan; nan,,3000.0,False,Unknown,10.0,False,100.0,,,,,,,100.0,,0,,,,,False,,1,,,nan; nan,,,,0,,0000:00:00:00:00,0000:00:00:00:00,,,nan; nan,,,nan; nan,,False,,,False,,,,,,,,,,,False,,False,,False,,Surlyn | SLG Unknown
18939,18939,Jie Yang,False,10.1002/aenm.201600285,Savva et al.,17/06/2016,Advanced Energy Materials,True,Historic dataset on 2020 11 22_v7.xlsx,,,SLG | ITO | PEDOT:PSS | Perovskite | PCBM-70 | AZO-np | Au,,0.09,0,pin,False,,False,,nan; nan,,False,0,,,False,SLG | ITO,,,,,Unknown,,,,PCBM-70 | AZO-np,nan | 150.0,Unknown,,Spin-coating | Spin-coating,Unknown,Unknown,,,,Unknown,,Unknown,Unknown,,Unknown,Unknown,,Unknown,Unknown,Unknown,Unknown,Unknown,Unknown,Unknown,,Unknown,,,False,False,False,False,True,False,3,True,False,MA,1,Pb,1,I,3,,MAPbI,MAPbI3,,False,False,Cl,,350,1.6,False,Composition,,1,Spin-coating,Liquid,N2,,,,DMF,1,Unknown,Unknown,,Unknown,Unknown,,Unknown,Unknown,Unknown,Unknown,False,Unknown,,Unknown,,,80,120,Unknown,,,False,,Unknown,Unknown,Unknown,,,Unknown,Unknown,,,PEDOT:PSS,,,,Spin-coating,Unknown,Unknown,,,,Unknown,,Unknown,Unknown,,Unknown,Unknown,,Unknown,Unknown,Unknown,Unknown,Unknown,Unknown,Unknown,Unknown,Unknown,,,Au,100,,,Evaporation,Unknown,Unknown,,,,Unknown,,Unknown,Unknown,,Unknown,Unknown,,Unknown,Unknown,Unknown,Unknown,Unknown,Unknown,Unknown,Unknown,Unknown,,,False,,Unknown,,,,Unknown,Unknown,Unknown,,,,Unknown,,Unknown,Unknown,,Unknown,Unknown,,Unknown,Unknown,Unknown,Unknown,Unknown,Unknown,Unknown,Unknown,Unknown,,,False,,Unknown,,,,Unknown,Unknown,Unknown,,,,Unknown,,Unknown,Unknown,,Unknown,Unknown,,Unknown,Unknown,Unknown,Unknown,Unknown,Unknown,Unknown,Unknown,Unknown,,,True,Cover glass-QDs,UV-curable epoxy,Unknown,,,True,12,False,,Unknown,Unknown,,Unknown,,,,,,100.0,AM 1.5,nan; nan,,False,,25.0,,,,,,,,0.9,15.81,0.7,10.1,,,,,,,,,,,,,,0.9,15.81,0.7,10.1,Reversed,Reversed,Reversed,Reversed,,False,,,,,,,,False,,,,True,ISOS-D-1,1,Dark,,,0.0,,nan; nan,,,Unknown,False,Open circuit,nan; nan,,,25.0; 25.0,Unknown,,Air,,,nan; nan,,1000.0,False,Unknown,,False,100.0,,,,,,,100.0,,0,,,,,False,,1,,,nan; nan,,,,0,,0000:00:00:00:00,0000:00:00:00:00,,,nan; nan,,,nan; nan,,False,,,False,,,,,,,,,,,False,,False,,False,,Cover glass-QDs UV-curable epoxy
20809,20809,Juan-Pablo Correa-Baena,False,10.1002/aenm.201701928,Lee et al.,18/12/2017,Advanced Energy Materials,True,Historic dataset on 2020 11 22_v7.xlsx,,,SLG | FTO | TiO2-c | TiO2-mp | Perovskite | PTAA | Au | pV3d3 | Al2O3,,0.094,0,nip,False,,False,,nan; nan,,False,0,,,False,SLG | FTO,,,,,Unknown,,,,TiO2-c | TiO2-mp,,Unknown,,Spray-pyrolys | Spin-coating,Unknown,Unknown,,,,Unknown,,Unknown,Unknown,,Unknown,Unknown,,Unknown,Unknown,Unknown,Unknown,Unknown,Unknown,Unknown,,Unknown,,,False,False,False,False,True,False,3,True,False,FA; MA,0.87; 0.13,Pb,1,Br; I,0.39; 2.61,,FAMAPbBrI,FA0.87MA0.13PbBr0.39I2.61,,False,False,,,,,False,,,1,Spin-coating,Liquid,Unknown,,,,DMF; DMSO,0.8; 0.1,Unknown,Unknown,,Unknown,Unknown,,Unknown,Unknown,Unknown,Unknown,True,Ethyl ether,,Unknown,,,Unknown,Unknown,Unknown,,,False,,Unknown,Unknown,Unknown,,,Unknown,Unknown,,,PTAA,,Li-TFSI; TBP,,Spin-coating,Unknown,Unknown,,,,Unknown,,Unknown,Unknown,,Unknown,Unknown,,Unknown,Unknown,Unknown,Unknown,Unknown,Unknown,Unknown,Unknown,Unknown,,,Au,,,,Evaporation,Unknown,Unknown,,,,Unknown,,Unknown,Unknown,,Unknown,Unknown,,Unknown,Unknown,Unknown,Unknown,Unknown,Unknown,Unknown,Unknown,Unknown,,,False,,Unknown,,,,Unknown,Unknown,Unknown,,,,Unknown,,Unknown,Unknown,,Unknown,Unknown,,Unknown,Unknown,Unknown,Unknown,Unknown,Unknown,Unknown,Unknown,Unknown,,,False,,Unknown,,,,Unknown,Unknown,Unknown,,,,Unknown,,Unknown,Unknown,,Unknown,Unknown,,Unknown,Unknown,Unknown,Unknown,Unknown,Unknown,Unknown,Unknown,Unknown,,,True,Al2O3 | pV3D3,Unknown,Vacuum,,,True,1,False,,Unknown,Unknown,,Unknown,,,,,,100.0,AM 1.5,nan; nan,,False,,,,,,,,,,1.1,24.0,0.778,20.1,,,,,,,,,,,,,,1.1,24.0,0.778,20.1,Reversed,Reversed,Reversed,Reversed,,False,,,,,,,,False,,,,True,ISOS-L-1,1,Light,,,100.0,,nan; nan,,,Unknown,False,Open circuit,nan; nan,,,50.0; 50.0,Unknown,,Air,,,nan; nan,50.0,300.0,False,Unknown,,False,100.0,,,,,,,,,0,,,,,False,,1,,,nan; nan,,,,0,,0000:00:00:00:00,0000:00:00:00:00,,,nan; nan,,,nan; nan,,False,,,False,,,,,,,,,,,False,,False,,False,,Al2O3 | pV3D3 Unknown
22841,22841,Kyle Frohna,False,10.1021/acsami.7b07625,Shi et al.,12/07/2017,ACS Applied Materials & Interfaces,True,Historic dataset on 2020 11 22_v7.xlsx,,Thermal Cycling method 3,SLG | FTO | TiO2-c | Perovskite | PTAA | Au,,0.1,0,nip,False,,False,,nan; nan,,False,0,,,False,SLG | FTO,,,,,Unknown,,,,TiO2-c,50,Unknown,,Spray-pyrolys,Unknown,Unknown,,,,Unknown,,Unknown,Unknown,,Unknown,Unknown,,Unknown,Unknown,Unknown,Unknown,Unknown,Unknown,Unknown,,Unknown,,,False,False,False,False,True,False,3,True,False,FA,1,Pb,1,I,3,,FAPbI,FAPbI3,,False,False,,,,1.48,False,Composition,,1,Spin-coating,Liquid,N2,,,,DMF,1,Unknown,Unknown,,Unknown,Unknown,,Unknown,Unknown,Unknown,Unknown,True,N2,,Unknown,,,160,20,Unknown,,,False,,Unknown,Unknown,Unknown,,,Unknown,Unknown,,,PTAA,,Li-TFSI; TBP,,Spin-coating,Unknown,Unknown,,,,Unknown,,Unknown,Unknown,,Unknown,Unknown,,Unknown,Unknown,Unknown,Unknown,Unknown,Unknown,Unknown,Unknown,Unknown,,,Au,100,,,Evaporation,Unknown,Unknown,,,,Unknown,,Unknown,Unknown,,Unknown,Unknown,,Unknown,Unknown,Unknown,Unknown,Unknown,Unknown,Unknown,Unknown,Unknown,,,False,,Unknown,,,,Unknown,Unknown,Unknown,,,,Unknown,,Unknown,Unknown,,Unknown,Unknown,,Unknown,Unknown,Unknown,Unknown,Unknown,Unknown,Unknown,Unknown,Unknown,,,False,,Unknown,,,,Unknown,Unknown,Unknown,,,,Unknown,,Unknown,Unknown,,Unknown,Unknown,,Unknown,Unknown,Unknown,Unknown,Unknown,Unknown,Unknown,Unknown,Unknown,,,True,SLG,Polyisobutylene,Unknown,0.005,,False,4,False,,Unknown,Unknown,,Air,,,,,,100.0,AM 1.5,nan; nan,,False,,100.0,,,,,,,,,,,,,,,,,,,,,,,,,,,,,,,,,,False,,,,,,,,False,,,,True,IEC 61215,1,Dark,,,0.0,,nan; nan,,,Unknown,False,Open circuit,nan; nan,,Cycled,-40.0; 85.0,15.0; 15.0,,Air,,,nan; nan,,,False,Unknown,10.8,False,103.0,,,,,,,,,0,,,,,False,,1,,,nan; nan,,,,0,,0000:00:00:00:00,0000:00:00:00:00,,,nan; nan,,,nan; nan,,False,,,False,,,,,,,,,,,False,,False,,False,,SLG Polyisobutylene
24021,24021,Mahmoud Hussein,False,10.1002/ente.201500045,Li et al.,42125,Energy Technology,True,Historic dataset on 2020 11 22_v7.xlsx,,champion,SLG | FTO | TiO2-c | TiO2-mp | ZrO2-mp | Perovskite | Carbon,,0.16,0,nip,False,,False,,nan; nan,,False,0,,,False,SLG | FTO,,,,,Unknown,,,,TiO2-c | TiO2-mp | ZrO2-mp,nan | 1000.0 | 2000.0,Unknown,,Spray-pyrolys | Screen printing | Screen printing,Unknown,Unknown,,,,Unknown,,Unknown,Unknown,,Unknown,Unknown,,Unknown,Unknown,Unknown,Unknown,Unknown,Unknown,Unknown,,Unknown,,,False,False,False,False,True,False,3.0,True,False,MA,1,Pb,1,I,3,,MAPbI,MAPbI3,,False,False,5-AVAI,0.04,,1.5,False,,,1,Drop-infiltration,Liquid,Unknown,,,,GBL,1,Unknown,Unknown,,Unknown,Unknown,,Unknown,Unknown,Unknown,Unknown,False,Unknown,,Unknown,,,50,60,Unknown,,,False,,Unknown,Unknown,Unknown,,,Unknown,Unknown,,,none,,,,Unknown,Unknown,Unknown,,,,Unknown,,Unknown,Unknown,,Unknown,Unknown,,Unknown,Unknown,Unknown,Unknown,Unknown,Unknown,Unknown,Unknown,Unknown,,,Carbon,10000,,,Doctor blading,Unknown,Unknown,,,,Unknown,,Unknown,Unknown,,Unknown,Unknown,,Unknown,Unknown,Unknown,Unknown,Unknown,Unknown,Unknown,Unknown,Unknown,,,False,,Unknown,,,,Unknown,Unknown,Unknown,,,,Unknown,,Unknown,Unknown,,Unknown,Unknown,,Unknown,Unknown,Unknown,Unknown,Unknown,Unknown,Unknown,Unknown,Unknown,,,False,,Unknown,,,,Unknown,Unknown,Unknown,,,,Unknown,,Unknown,Unknown,,Unknown,Unknown,,Unknown,Unknown,Unknown,Unknown,Unknown,Unknown,Unknown,Unknown,Unknown,,,True,SLG,epoxy,Unknown,,,True,1,False,,Unknown,Unknown,,Unknown,,,,,,98.8,AM 1.5,nan; nan,,False,,,,,,,,,,0.85,22.7,0.66,12.9,,,,,,,,,,,,,,0.85,22.7,0.66,12.9,Reversed,Reversed,Reversed,Reversed,,False,,,,,,,,False,,,,True,ISOS-D-2,1,Dark,,,0.0,,nan; nan,,,Unknown,False,Open circuit,nan; nan,,,85.0; 85.0,Unknown,,Air,,,nan; nan,,2160.0,False,Unknown,,False,100.0,,,,,,,,,0,,,,,False,,1,,,nan; nan,,,,0,,0000:00:00:00:00,0000:00:00:00:00,,,nan; nan,,,nan; nan,,False,,,False,,,,,,,,,,,False,,False,,False,,SLG epoxy
26505,26505,Mayank Kedia,False,10.1002/adfm.201907481,Schmager et al.,09/01/2020,Advanced Functional Materials,True,Historic dataset on 2020 11 22_v7.xlsx,,,SLG | ITO | SnO2-np | Perovskite | PTAA | NiO-c | Au | PEN,,0.105,0,nip,False,,False,,nan; nan,,False,0,,,False,SLG | ITO,,,,,Unknown,,,,SnO2-np,,Unknown,,Spin-coating,Unknown,Unknown,,,,Unknown,,Unknown,Unknown,,Unknown,Unknown,,Unknown,Unknown,Unknown,Unknown,Unknown,Unknown,Unknown,,Unknown,,,False,False,False,False,True,False,3,True,False,Cs; FA; MA,0.05; 0.8075; 0.1425,Pb,1,Br; I,0.45; 2.55,,CsFAMAPbBrI,Cs0.05FA0.8075MA0.1425PbBr0.45I2.55,,False,False,,,,,False,,,1,Spin-coating,Liquid,N2,,,,DMF; DMSO,4; 1,Unknown,Unknown,,Unknown,Unknown,,Unknown,Unknown,Unknown,Unknown,True,Chlorobenzene,,Unknown,,,100,60,Unknown,,,False,,Unknown,Unknown,Unknown,,,Unknown,Unknown,,,PTAA | NiO-c,nan | 20.0,,,Spin-coating | Sputtering,Unknown,Unknown,,,,Unknown,,Unknown,Unknown,,Unknown,Unknown,,Unknown,Unknown,Unknown,Unknown,Unknown,Unknown,Unknown,Unknown,Unknown,,,Au,80,,,Evaporation,Unknown,Unknown,,,,Unknown,,Unknown,Unknown,,Unknown,Unknown,,Unknown,Unknown,Unknown,Unknown,Unknown,Unknown,Unknown,Unknown,Unknown,,,False,,Unknown,,,,Unknown,Unknown,Unknown,,,,Unknown,,Unknown,Unknown,,Unknown,Unknown,,Unknown,Unknown,Unknown,Unknown,Unknown,Unknown,Unknown,Unknown,Unknown,,,False,,Unknown,,,,Unknown,Unknown,Unknown,,,,Unknown,,Unknown,Unknown,,Unknown,Unknown,,Unknown,Unknown,Unknown,Unknown,Unknown,Unknown,Unknown,Unknown,Unknown,,,True,PEN,Unknown,Unknown,,,True,1,False,,Unknown,Unknown,,Unknown,,,,,,100.0,AM 1.5,nan; nan,,False,,600.0,,,,,,,,1.04,20.0,0.7,14.6,,,,,,,,,,,,,,1.04,20.0,0.7,13.4,Reversed,Reversed,Reversed,Stabilised,,True,,,,13.4,,,,True,,20.0,,True,ISOS-L-1,1,Light,,,100.0,,nan; nan,,,Unknown,False,MPPT,nan; nan,,,25.0; 25.0,Unknown,,Ambient,,,nan; nan,,93.0,False,Unknown,14.6,False,100.0,,,,,,,,,0,,,,,False,,1,,,nan; nan,,,,0,,0000:00:00:00:00,0000:00:00:00:00,,,nan; nan,,,nan; nan,,False,,,False,,,,,,,,,,,False,,False,,False,,PEN Unknown
27355,27355,Miguel Anaya,False,10.1016/j.nanoen.2016.02.027,Palma et al.,22/02/2016,Nano Energy,True,Historic dataset on 2020 11 22_v7.xlsx,,RGO,SLG | FTO | TiO2-c | TiO2-mp | Perovskite | rGO | Au,,0.1,0,nip,False,,False,,nan; nan,,False,0,,,False,SLG | FTO,,,,,Unknown,,,,TiO2-c | TiO2-mp,100.0 | 300.0,Unknown,,Spray-pyrolys | Spin-coating,Unknown,Unknown,,,,Unknown,,Unknown,Unknown,,Unknown,Unknown,,Unknown,Unknown,Unknown,Unknown,Unknown,Unknown,Unknown,,Unknown,,,False,False,False,False,True,False,3,True,False,MA,1,Pb,1,I,3,,MAPbI,MAPbI3,,False,False,,,,1.5,False,,,2,Spin-coating >> CBD,Liquid >> Liquid,Unknown,,,,DMF >> IPA,1 >> 1,Unknown,Unknown,,Unknown,Unknown,,Unknown,Unknown,Unknown,Unknown,False,Unknown,,Unknown,,,70.0 >> 100.0,20.0 >> 30.0,Unknown,,,False,,Unknown,Unknown,Unknown,,,Unknown,Unknown,,,rGO,,,,Spray-coating,Unknown,Unknown,,,,Unknown,,Unknown,Unknown,,Unknown,Unknown,,Unknown,Unknown,Unknown,Unknown,Unknown,Unknown,Unknown,Unknown,Unknown,,,Au,100,,,Evaporation,Unknown,Unknown,,,,Unknown,,Unknown,Unknown,,Unknown,Unknown,,Unknown,Unknown,Unknown,Unknown,Unknown,Unknown,Unknown,Unknown,Unknown,,,False,,Unknown,,,,Unknown,Unknown,Unknown,,,,Unknown,,Unknown,Unknown,,Unknown,Unknown,,Unknown,Unknown,Unknown,Unknown,Unknown,Unknown,Unknown,Unknown,Unknown,,,False,,Unknown,,,,Unknown,Unknown,Unknown,,,,Unknown,,Unknown,Unknown,,Unknown,Unknown,,Unknown,Unknown,Unknown,Unknown,Unknown,Unknown,Unknown,Unknown,Unknown,,,True,SLG,Thermoplastic,Unknown,,,True,1,False,,Unknown,Unknown,,Air,,,,,,100.0,AM 1.5,nan; nan,,False,,,,,,,,,,0.91,8.95,0.598,4.87,,,,,,,,,,,,,,0.91,8.95,0.598,4.87,Reversed,Reversed,Reversed,Reversed,,False,,,,,,,,False,,,,True,ISOS-D-1,1,Dark,,,0.0,,nan; nan,,,Unknown,False,Open circuit,nan; nan,,,25.0; 25.0,Unknown,,Ambient,,,nan; nan,,1980.0,False,Unknown,,False,110.0,,,,,,,,,0,,,,,False,,1,,,nan; nan,,,,0,,0000:00:00:00:00,0000:00:00:00:00,,,nan; nan,,,nan; nan,,False,,,False,,,,,,,,,,,False,,False,,False,,SLG Thermoplastic
29291,29291,Onkar S. Game,False,10.1002/aenm.201801234,Wong-Stringer et al.,02/07/2018,Advanced Energy Materials,True,Historic dataset on 2020 11 22_v7.xlsx,,No solvent anneal - After encap (PVP + epoxy),SLG | ITO | PolyTPD | Perovskite | PCBM-60 | Bphen | Ag,,0.0256,0,pin,False,,False,,nan; nan,,False,0,,,False,SLG | ITO,,,,,Unknown,,,,PCBM-60 | Bphen,100.0 | 10.0,Unknown,,Spin-coating | Spin-coating,Unknown,Unknown,,,,Unknown,,Unknown,Unknown,,Unknown,Unknown,,Unknown,Unknown,Unknown,Unknown,Unknown,Unknown,Unknown,,Unknown,,,False,False,False,False,True,False,3,True,False,MA,1,Pb,1,I,3,PbI2,MAPbI,MAPbI3,,False,False,,,450,1.58,False,,,1,Spin-coating,Liquid,N2,,,,acetonitrile; Methylamine,,Unknown,Unknown,,Unknown,Unknown,,Unknown,Unknown,Unknown,Unknown,False,Unknown,,Unknown,,,100,45,Unknown,,,False,,Unknown,Unknown,Unknown,,,Unknown,Unknown,,,PolyTPD,10,F4-TCNQ,,Spin-coating,Unknown,Unknown,,,,Unknown,,Unknown,Unknown,,Unknown,Unknown,,Unknown,Unknown,Unknown,Unknown,Unknown,Unknown,Unknown,Unknown,Unknown,,,Ag,100,,,Evaporation,Unknown,Unknown,,,,Unknown,,Unknown,Unknown,,Unknown,Unknown,,Unknown,Unknown,Unknown,Unknown,Unknown,Unknown,Unknown,Unknown,Unknown,,,False,,Unknown,,,,Unknown,Unknown,Unknown,,,,Unknown,,Unknown,Unknown,,Unknown,Unknown,,Unknown,Unknown,Unknown,Unknown,Unknown,Unknown,Unknown,Unknown,Unknown,,,False,,Unknown,,,,Unknown,Unknown,Unknown,,,,Unknown,,Unknown,Unknown,,Unknown,Unknown,,Unknown,Unknown,Unknown,Unknown,Unknown,Unknown,Unknown,Unknown,Unknown,,,True,PVP | UV-Epoxy | SLG,Unknown,N2,,,True,1,False,,Unknown,Unknown,,Air,,,,,,100.0,AM 1.5,nan; nan,,False,,400.0,,,,,,,,1.05,15.62,0.799,13.14,,,,,,,,,,,,,,1.05,15.62,0.799,12.8,Reversed,Reversed,Reversed,Stabilised,,True,,,,12.8,,,,True,,17.66,,True,ISOS-L-1,1,Xenon,,,100.0,,nan; nan,,,Unknown,False,Open circuit,nan; nan,,,42.0; 42.0,Unknown,,Air,,,nan; nan,38.0,200.0,False,Unknown,13.14,False,104.0,,,,,,,,,0,,,,,False,,1,,,nan; nan,,,,0,,0000:00:00:00:00,0000:00:00:00:00,,,nan; nan,,,nan; nan,,False,,,False,,,,,,,,,,,False,,False,,False,,PVP | UV-Epoxy | SLG Unknown
29292,29292,Onkar S. Game,False,10.1002/aenm.201801234,Wong-Stringer et al.,02/07/2018,Advanced Energy Materials,True,Historic dataset on 2020 11 22_v7.xlsx,,No solvent anneal - After encap (Epoxy),SLG | ITO | PolyTPD | Perovskite | PCBM-60 | Bphen | Ag,,0.0256,0,pin,False,,False,,nan; nan,,False,0,,,False,SLG | ITO,,,,,Unknown,,,,PCBM-60 | Bphen,100.0 | 10.0,Unknown,,Spin-coating | Spin-coating,Unknown,Unknown,,,,Unknown,,Unknown,Unknown,,Unknown,Unknown,,Unknown,Unknown,Unknown,Unknown,Unknown,Unknown,Unknown,,Unknown,,,False,False,False,False,True,False,3,True,False,MA,1,Pb,1,I,3,PbI2,MAPbI,MAPbI3,,False,False,,,450,1.58,False,,,1,Spin-coating,Liquid,N2,,,,acetonitrile; Methylamine,,Unknown,Unknown,,Unknown,Unknown,,Unknown,Unknown,Unknown,Unknown,False,Unknown,,Unknown,,,100,45,Unknown,,,False,,Unknown,Unknown,Unknown,,,Unknown,Unknown,,,PolyTPD,10,F4-TCNQ,,Spin-coating,Unknown,Unknown,,,,Unknown,,Unknown,Unknown,,Unknown,Unknown,,Unknown,Unknown,Unknown,Unknown,Unknown,Unknown,Unknown,Unknown,Unknown,,,Ag,100,,,Evaporation,Unknown,Unknown,,,,Unknown,,Unknown,Unknown,,Unknown,Unknown,,Unknown,Unknown,Unknown,Unknown,Unknown,Unknown,Unknown,Unknown,Unknown,,,False,,Unknown,,,,Unknown,Unknown,Unknown,,,,Unknown,,Unknown,Unknown,,Unknown,Unknown,,Unknown,Unknown,Unknown,Unknown,Unknown,Unknown,Unknown,Unknown,Unknown,,,False,,Unknown,,,,Unknown,Unknown,Unknown,,,,Unknown,,Unknown,Unknown,,Unknown,Unknown,,Unknown,Unknown,Unknown,Unknown,Unknown,Unknown,Unknown,Unknown,Unknown,,,True,UV-curable epoxy | SLG,Unknown,N2,,,True,1,False,,Unknown,Unknown,,Air,,,,,,100.0,AM 1.5,nan; nan,,False,,400.0,,,,,,,,1.03,13.19,0.778,10.63,,,,,,,,,,,,,,1.03,13.19,0.778,10.4,Reversed,Reversed,Reversed,Stabilised,,True,,,,10.4,,,,False,,,,True,ISOS-L-1,1,Xenon,,,100.0,,nan; nan,,,Unknown,False,Open circuit,nan; nan,,,42.0; 42.0,Unknown,,Air,,,nan; nan,38.0,200.0,False,Unknown,10.63,False,104.0,,,,,,,,,0,,,,,False,,1,,,nan; nan,,,,0,,0000:00:00:00:00,0000:00:00:00:00,,,nan; nan,,,nan; nan,,False,,,False,,,,,,,,,,,False,,False,,False,,UV-curable epoxy | SLG Unknown
29970,29970,Rahim Munir,False,10.1002/adfm.201809129,Fu et al.,11/02/2019,Advanced Functional Materials,True,Historic dataset on 2020 11 22_v7.xlsx,,encapsulated,SLG | FTO | TiO2-c | TiO2-mp | ZrO2-mp | Perovskite | Carbon,,0.1,0,nip,False,,False,,nan; nan,,True,8,60.9,100.0,True,SLG | FTO,,,,,Unknown,,,,TiO2-c | TiO2-mp | ZrO2-mp,nan | 550.0 | 2500.0,Unknown,,Spray-pyrolys | Screen printing | Screen printing,Unknown,Unknown,,,,Unknown,,Unknown,Unknown,,Unknown,Unknown,,Unknown,Unknown,Unknown,Unknown,Unknown,Unknown,Unknown,,Unknown,,,False,False,False,False,True,False,3,True,False,MA,1,Pb,1,I,3,,MAPbI,MAPbI3,,False,False,,,,1.6,False,Composition,,1,Drop-infiltration,Liquid,Air,,,,GBL,1,Unknown,Unknown,,Unknown,Unknown,,Unknown,Unknown,Unknown,Unknown,False,Unknown,,Unknown,,,75,60,Unknown,,,False,,Unknown,Unknown,Unknown,,,Unknown,Unknown,,,none,,,,Unknown,Unknown,Unknown,,,,Unknown,,Unknown,Unknown,,Unknown,Unknown,,Unknown,Unknown,Unknown,Unknown,Unknown,Unknown,Unknown,Unknown,Unknown,,,Carbon,10000,,,Screen printing,Unknown,Unknown,,,,Unknown,,Unknown,Unknown,,Unknown,Unknown,,Unknown,Unknown,Unknown,Unknown,Unknown,Unknown,Unknown,Unknown,Unknown,,,False,,Unknown,,,,Unknown,Unknown,Unknown,,,,Unknown,,Unknown,Unknown,,Unknown,Unknown,,Unknown,Unknown,Unknown,Unknown,Unknown,Unknown,Unknown,Unknown,Unknown,,,False,,Unknown,,,,Unknown,Unknown,Unknown,,,,Unknown,,Unknown,Unknown,,Unknown,Unknown,,Unknown,Unknown,Unknown,Unknown,Unknown,Unknown,Unknown,Unknown,Unknown,,,True,SLG,Polyurathene,N2,,,True,1,False,,Unknown,Unknown,,Air,,,,,,100.0,AM 1.5,nan; nan,,False,,150.0,,,,,,,,0.95,20.78,0.5,10.09,,,,,,,,,,,,,,0.95,20.78,0.5,10.09,Reversed,Reversed,Reversed,Reversed,,False,,,,,,,,False,,,,True,ISOS-D-2,1,Dark,,,0.0,,nan; nan,,,Unknown,False,Open circuit,nan; nan,,,85.0; 85.0,Unknown,,Air,,,nan; nan,40.0,325.0,False,Unknown,10.09,False,100.0,,,,,,,,,0,,,,,False,,1,,,nan; nan,,,,0,,0000:00:00:00:00,0000:00:00:00:00,,,nan; nan,,,nan; nan,,False,,,False,,,,,,,,,,,False,,False,,False,,SLG Polyurathene
30688,30688,Thomas Unold,False,10.1016/j.solener.2017.09.039,Zheng et al.,01/12/2017,Solar Energy,True,Historic dataset on 2020 11 22_v7.xlsx,,,SLG | FTO | TiO2-c | TiO2-mp | Perovskite | Spiro-MeOTAD | Au,,0.09,0,nip,False,,False,,nan; nan,,False,0,,,False,SLG | FTO,,,,,Unknown,,,,TiO2-c | TiO2-mp,,Unknown,,Spray-pyrolys | Spin-coating,Unknown,Unknown,,,,Unknown,,Unknown,Unknown,,Unknown,Unknown,,Unknown,Unknown,Unknown,Unknown,Unknown,Unknown,Unknown,,Unknown,,,False,False,False,False,True,False,3,True,False,FA; MA,0.85; 0.15,Pb,1,Br; I,0.45; 2.55,,FAMAPbBrI,FA0.85MA0.15PbBr0.45I2.55,,False,False,,,,,False,,,1,Spin-coating,Liquid,Air,,,,DMF; DMSO,4; 1,Unknown,Unknown,,Unknown,Unknown,,Unknown,Unknown,Unknown,Unknown,True,Chlorobenzene,,Unknown,,,100,50,Unknown,,,False,,Unknown,Unknown,Unknown,,,Unknown,Unknown,,,Spiro-MeOTAD,,FK209; Li-TFSI; TBP,,Spin-coating,Unknown,Unknown,,,,Unknown,,Unknown,Unknown,,Unknown,Unknown,,Unknown,Unknown,Unknown,Unknown,Unknown,Unknown,Unknown,Unknown,Unknown,,,Au,60,,,Evaporation,Unknown,Unknown,,,,Unknown,,Unknown,Unknown,,Unknown,Unknown,,Unknown,Unknown,Unknown,Unknown,Unknown,Unknown,Unknown,Unknown,Unknown,,,False,,Unknown,,,,Unknown,Unknown,Unknown,,,,Unknown,,Unknown,Unknown,,Unknown,Unknown,,Unknown,Unknown,Unknown,Unknown,Unknown,Unknown,Unknown,Unknown,Unknown,,,False,,Unknown,,,,Unknown,Unknown,Unknown,,,,Unknown,,Unknown,Unknown,,Unknown,Unknown,,Unknown,Unknown,Unknown,Unknown,Unknown,Unknown,Unknown,Unknown,Unknown,,,True,Unknown,Unknown,Unknown,,,False,12,False,,Unknown,Unknown,,Air,,,,,,100.0,AM 1.5,nan; nan,,False,,,,,,,,,,,,,,,,,,,,,,,,,,,,,,,,,,,,False,,,,,,,,False,,,,True,ISOS-D-1,1,Dark,,,0.0,,nan; nan,,,Unknown,False,Open circuit,nan; nan,,,20.0; 20.0,Unknown,,Air,,,nan; nan,,300.0,False,Unknown,,False,100.0,,,,,,,,,0,,,,,False,,1,,,nan; nan,,,,0,,0000:00:00:00:00,0000:00:00:00:00,,,nan; nan,,,nan; nan,,False,,,False,,,,,,,,,,,False,,False,,False,,Unknown Unknown
30700,30700,Thomas Unold,False,10.1016/j.solener.2017.09.039,Zheng et al.,01/12/2017,Solar Energy,True,Historic dataset on 2020 11 22_v7.xlsx,,,SLG | FTO | TiO2-c | TiO2-mp | Perovskite | Spiro-MeOTAD | Au,,0.09,0,nip,False,,False,,nan; nan,,False,0,,,False,SLG | FTO,,,,,Unknown,,,,TiO2-c | TiO2-mp,,Unknown,,Spray-pyrolys | Spin-coating,Unknown,Unknown,,,,Unknown,,Unknown,Unknown,,Unknown,Unknown,,Unknown,Unknown,Unknown,Unknown,Unknown,Unknown,Unknown,,Unknown,,,False,False,False,False,True,False,3,True,False,FA; MA,0.85; 0.15,Pb,1,Br; I,0.45; 2.55,,FAMAPbBrI,FA0.85MA0.15PbBr0.45I2.55,,False,False,,,,,False,,,1,Spin-coating,Liquid,Air,,,,DMF; DMSO,4; 1,Unknown,Unknown,,Unknown,Unknown,,Unknown,Unknown,Unknown,Unknown,True,Chlorobenzene,,Unknown,,,100,50,Unknown,,,False,,Unknown,Unknown,Unknown,,,Unknown,Unknown,,,Spiro-MeOTAD,,Undoped,,Spin-coating,Unknown,Unknown,,,,Unknown,,Unknown,Unknown,,Unknown,Unknown,,Unknown,Unknown,Unknown,Unknown,Unknown,Unknown,Unknown,Unknown,Unknown,,,Au,60,,,Evaporation,Unknown,Unknown,,,,Unknown,,Unknown,Unknown,,Unknown,Unknown,,Unknown,Unknown,Unknown,Unknown,Unknown,Unknown,Unknown,Unknown,Unknown,,,False,,Unknown,,,,Unknown,Unknown,Unknown,,,,Unknown,,Unknown,Unknown,,Unknown,Unknown,,Unknown,Unknown,Unknown,Unknown,Unknown,Unknown,Unknown,Unknown,Unknown,,,False,,Unknown,,,,Unknown,Unknown,Unknown,,,,Unknown,,Unknown,Unknown,,Unknown,Unknown,,Unknown,Unknown,Unknown,Unknown,Unknown,Unknown,Unknown,Unknown,Unknown,,,True,Unknown,Unknown,Unknown,,,False,12,False,,Unknown,Unknown,,Air,,,,,,100.0,AM 1.5,nan; nan,,False,,,,,,,,,,,,,,,,,,,,,,,,,,,,,,,,,,,,False,,,,,,,,False,,,,True,ISOS-D-1,1,Dark,,,0.0,,nan; nan,,,Unknown,False,Open circuit,nan; nan,,,20.0; 20.0,Unknown,,Air,,,nan; nan,,800.0,False,Unknown,,False,100.0,,,,,,,,,0,,,,,False,,1,,,nan; nan,,,,0,,0000:00:00:00:00,0000:00:00:00:00,,,nan; nan,,,nan; nan,,False,,,False,,,,,,,,,,,False,,False,,False,,Unknown Unknown
30706,30706,Thomas Unold,False,10.1016/j.solener.2017.09.039,Zheng et al.,01/12/2017,Solar Energy,True,Historic dataset on 2020 11 22_v7.xlsx,,,SLG | FTO | TiO2-c | TiO2-mp | Perovskite | P3HT | Au,,0.09,0,nip,False,,False,,nan; nan,,False,0,,,False,SLG | FTO,,,,,Unknown,,,,TiO2-c | TiO2-mp,,Unknown,,Spray-pyrolys | Spin-coating,Unknown,Unknown,,,,Unknown,,Unknown,Unknown,,Unknown,Unknown,,Unknown,Unknown,Unknown,Unknown,Unknown,Unknown,Unknown,,Unknown,,,False,False,False,False,True,False,3,True,False,FA; MA,0.85; 0.15,Pb,1,Br; I,0.45; 2.55,,FAMAPbBrI,FA0.85MA0.15PbBr0.45I2.55,,False,False,,,,,False,,,1,Spin-coating,Liquid,Air,,,,DMF; DMSO,4; 1,Unknown,Unknown,,Unknown,Unknown,,Unknown,Unknown,Unknown,Unknown,True,Chlorobenzene,,Unknown,,,100,50,Unknown,,,False,,Unknown,Unknown,Unknown,,,Unknown,Unknown,,,P3HT,,,,Spin-coating,Unknown,Unknown,,,,Unknown,,Unknown,Unknown,,Unknown,Unknown,,Unknown,Unknown,Unknown,Unknown,Unknown,Unknown,Unknown,Unknown,Unknown,,,Au,60,,,Evaporation,Unknown,Unknown,,,,Unknown,,Unknown,Unknown,,Unknown,Unknown,,Unknown,Unknown,Unknown,Unknown,Unknown,Unknown,Unknown,Unknown,Unknown,,,False,,Unknown,,,,Unknown,Unknown,Unknown,,,,Unknown,,Unknown,Unknown,,Unknown,Unknown,,Unknown,Unknown,Unknown,Unknown,Unknown,Unknown,Unknown,Unknown,Unknown,,,False,,Unknown,,,,Unknown,Unknown,Unknown,,,,Unknown,,Unknown,Unknown,,Unknown,Unknown,,Unknown,Unknown,Unknown,Unknown,Unknown,Unknown,Unknown,Unknown,Unknown,,,True,Unknown,Unknown,Unknown,,,False,12,False,,Unknown,Unknown,,Air,,,,,,100.0,AM 1.5,nan; nan,,False,,,,,,,,,,,,,,,,,,,,,,,,,,,,,,,,,,,,False,,,,,,,,False,,,,True,ISOS-D-1,1,Dark,,,0.0,,nan; nan,,,Unknown,False,Open circuit,nan; nan,,,20.0; 20.0,Unknown,,Air,,,nan; nan,,800.0,False,Unknown,,False,100.0,,,,,,,,,0,,,,,False,,1,,,nan; nan,,,,0,,0000:00:00:00:00,0000:00:00:00:00,,,nan; nan,,,nan; nan,,False,,,False,,,,,,,,,,,False,,False,,False,,Unknown Unknown
30707,30707,Thomas Unold,False,10.1016/j.solener.2017.09.039,Zheng et al.,01/12/2017,Solar Energy,True,Historic dataset on 2020 11 22_v7.xlsx,,,SLG | FTO | TiO2-c | TiO2-mp | Perovskite | P3HT | Au,,0.09,0,nip,False,,False,,nan; nan,,False,0,,,False,SLG | FTO,,,,,Unknown,,,,TiO2-c | TiO2-mp,,Unknown,,Spray-pyrolys | Spin-coating,Unknown,Unknown,,,,Unknown,,Unknown,Unknown,,Unknown,Unknown,,Unknown,Unknown,Unknown,Unknown,Unknown,Unknown,Unknown,,Unknown,,,False,False,False,False,True,False,3,True,False,FA; MA,0.85; 0.15,Pb,1,Br; I,0.45; 2.55,,FAMAPbBrI,FA0.85MA0.15PbBr0.45I2.55,,False,False,,,,,False,,,1,Spin-coating,Liquid,Air,,,,DMF; DMSO,4; 1,Unknown,Unknown,,Unknown,Unknown,,Unknown,Unknown,Unknown,Unknown,True,Chlorobenzene,,Unknown,,,100,50,Unknown,,,False,,Unknown,Unknown,Unknown,,,Unknown,Unknown,,,P3HT,,,,Spin-coating,Unknown,Unknown,,,,Unknown,,Unknown,Unknown,,Unknown,Unknown,,Unknown,Unknown,Unknown,Unknown,Unknown,Unknown,Unknown,Unknown,Unknown,,,Au,60,,,Evaporation,Unknown,Unknown,,,,Unknown,,Unknown,Unknown,,Unknown,Unknown,,Unknown,Unknown,Unknown,Unknown,Unknown,Unknown,Unknown,Unknown,Unknown,,,False,,Unknown,,,,Unknown,Unknown,Unknown,,,,Unknown,,Unknown,Unknown,,Unknown,Unknown,,Unknown,Unknown,Unknown,Unknown,Unknown,Unknown,Unknown,Unknown,Unknown,,,False,,Unknown,,,,Unknown,Unknown,Unknown,,,,Unknown,,Unknown,Unknown,,Unknown,Unknown,,Unknown,Unknown,Unknown,Unknown,Unknown,Unknown,Unknown,Unknown,Unknown,,,True,Unknown,Unknown,Unknown,,,False,12,False,,Unknown,Unknown,,Air,,,,,,100.0,AM 1.5,nan; nan,,False,,,,,,,,,,,,,,,,,,,,,,,,,,,,,,,,,,,,False,,,,,,,,False,,,,True,ISOS-D-2,1,Dark,,,0.0,,nan; nan,,,Unknown,False,Open circuit,nan; nan,,,60.0; 60.0,Unknown,,Air,,,nan; nan,,800.0,False,Unknown,,False,100.0,,,,,,,,,0,,,,,False,,1,,,nan; nan,,,,0,,0000:00:00:00:00,0000:00:00:00:00,,,nan; nan,,,nan; nan,,False,,,False,,,,,,,,,,,False,,False,,False,,Unknown Unknown
30708,30708,Thomas Unold,False,10.1016/j.solener.2017.09.039,Zheng et al.,01/12/2017,Solar Energy,True,Historic dataset on 2020 11 22_v7.xlsx,,,SLG | FTO | TiO2-c | TiO2-mp | Perovskite | P3HT | Au,,0.09,0,nip,False,,False,,nan; nan,,False,0,,,False,SLG | FTO,,,,,Unknown,,,,TiO2-c | TiO2-mp,,Unknown,,Spray-pyrolys | Spin-coating,Unknown,Unknown,,,,Unknown,,Unknown,Unknown,,Unknown,Unknown,,Unknown,Unknown,Unknown,Unknown,Unknown,Unknown,Unknown,,Unknown,,,False,False,False,False,True,False,3,True,False,FA; MA,0.85; 0.15,Pb,1,Br; I,0.45; 2.55,,FAMAPbBrI,FA0.85MA0.15PbBr0.45I2.55,,False,False,,,,,False,,,1,Spin-coating,Liquid,Air,,,,DMF; DMSO,4; 1,Unknown,Unknown,,Unknown,Unknown,,Unknown,Unknown,Unknown,Unknown,True,Chlorobenzene,,Unknown,,,100,50,Unknown,,,False,,Unknown,Unknown,Unknown,,,Unknown,Unknown,,,P3HT,,,,Spin-coating,Unknown,Unknown,,,,Unknown,,Unknown,Unknown,,Unknown,Unknown,,Unknown,Unknown,Unknown,Unknown,Unknown,Unknown,Unknown,Unknown,Unknown,,,Au,60,,,Evaporation,Unknown,Unknown,,,,Unknown,,Unknown,Unknown,,Unknown,Unknown,,Unknown,Unknown,Unknown,Unknown,Unknown,Unknown,Unknown,Unknown,Unknown,,,False,,Unknown,,,,Unknown,Unknown,Unknown,,,,Unknown,,Unknown,Unknown,,Unknown,Unknown,,Unknown,Unknown,Unknown,Unknown,Unknown,Unknown,Unknown,Unknown,Unknown,,,False,,Unknown,,,,Unknown,Unknown,Unknown,,,,Unknown,,Unknown,Unknown,,Unknown,Unknown,,Unknown,Unknown,Unknown,Unknown,Unknown,Unknown,Unknown,Unknown,Unknown,,,True,Unknown,Unknown,Unknown,,,False,12,False,,Unknown,Unknown,,Air,,,,,,100.0,AM 1.5,nan; nan,,False,,,,,,,,,,,,,,,,,,,,,,,,,,,,,,,,,,,,False,,,,,,,,False,,,,True,ISOS-D-2,1,Dark,,,0.0,,nan; nan,,,Unknown,False,Open circuit,nan; nan,,,85.0; 85.0,Unknown,,Air,,,nan; nan,,800.0,False,Unknown,,False,100.0,,,,,,,,,0,,,,,False,,1,,,nan; nan,,,,0,,0000:00:00:00:00,0000:00:00:00:00,,,nan; nan,,,nan; nan,,False,,,False,,,,,,,,,,,False,,False,,False,,Unknown Unknown
33422,33422,Waqas Zia,False,10.1002/admi.201901748,Pant et al.,20/12/2019,Advanced Materials Interfaces,True,Historic dataset on 2020 11 22_v7.xlsx,,Without MCVT,SLG | ITO | NiO-c | Perovskite | PCBM-60 | AZO | Ag,,0.185,0,pin,False,,False,,nan; nan,,False,0,,,False,SLG | ITO,,,,,Unknown,,,,PCBM-60 | AZO,,Unknown,,Spin-coating | Spin-coating,Unknown,Unknown,,,,Unknown,,Unknown,Unknown,,Unknown,Unknown,,Unknown,Unknown,Unknown,Unknown,Unknown,Unknown,Unknown,,Unknown,,,False,False,False,False,True,False,3,True,False,MA,1,Pb,1,I,3,,MAPbI,MAPbI3,,False,False,,,300,1.6,False,Composition,765.0,1,Spin-coating,Liquid,Unknown,,,,DMF; DMSO,4; 1,Unknown,Unknown,,Unknown,Unknown,,Unknown,Unknown,Unknown,Unknown,True,Chlorobenzene,,Unknown,,,100,30,Unknown,,,False,,Unknown,Unknown,Unknown,,,Unknown,Unknown,,,NiO-c,,,,RF sputtering,Unknown,Unknown,,,,Unknown,,Unknown,Unknown,,Unknown,Unknown,,Unknown,Unknown,Unknown,Unknown,Unknown,Unknown,Unknown,Unknown,Unknown,,,Ag,150,,,Evaporation,Unknown,Unknown,,,,Unknown,,Unknown,Unknown,,Unknown,Unknown,,Unknown,Unknown,Unknown,Unknown,Unknown,Unknown,Unknown,Unknown,Unknown,,,False,,Unknown,,,,Unknown,Unknown,Unknown,,,,Unknown,,Unknown,Unknown,,Unknown,Unknown,,Unknown,Unknown,Unknown,Unknown,Unknown,Unknown,Unknown,Unknown,Unknown,,,False,,Unknown,,,,Unknown,Unknown,Unknown,,,,Unknown,,Unknown,Unknown,,Unknown,Unknown,,Unknown,Unknown,Unknown,Unknown,Unknown,Unknown,Unknown,Unknown,Unknown,,,True,Cavity glass,UV-curable epoxy,Unknown,,,True,1,False,,Unknown,Unknown,,Unknown,,,,,,100.0,AM 1.5,nan; nan,,False,,,,,,,,,,0.95,18.5,0.55,9.7,,,,,,,,,,,,,,0.95,18.5,0.55,9.7,Reversed,Reversed,Reversed,Reversed,,False,,,,,,,,True,,16.5,,True,ISOS-D-1,1,Dark,,,0.0,,nan; nan,,,Unknown,False,Open circuit,nan; nan,,,35.0; 35.0,Unknown,,Air,,,nan; nan,60.0,160.0,False,Unknown,15.0,False,100.0,,,,,,,,,0,,,,,False,,1,,,nan; nan,,,,0,,0000:00:00:00:00,0000:00:00:00:00,,,nan; nan,,,nan; nan,,False,,,False,,,,,,,,,,,False,,False,,False,,Cavity glass UV-curable epoxy
35602,35602,Yu-Hisen Chiang,False,10.1039/c9tc02181g,Khadka et al.,06/06/2019,Journal of Materials Chemistry C,True,Historic dataset on 2020 11 22_v7.xlsx,,,SLG | ITO | NiO-c | Perovskite | PCBM-60 | AZO-np | Ag,,0.26,0,pin,False,,False,,nan; nan,,False,0,,,False,SLG | ITO,,,,,Unknown,,,,PCBM-60 | AZO-np,,Unknown,,Spin-coating | Spin-coating,Unknown,Unknown,,,,Unknown,,Unknown,Unknown,,Unknown,Unknown,,Unknown,Unknown,Unknown,Unknown,Unknown,Unknown,Unknown,,Unknown,,,False,False,False,False,True,False,3,False,True,Cs,3,Bi,2,I,9,,CsBiI,Cs3Bi2I9,,True,True,,,350,1.8,False,,690.0,1,Spin-coating,Liquid,Unknown,,,,DMF; DMSO,7; 3,Unknown,Unknown,,Unknown,Unknown,,Unknown,Unknown,Unknown,Unknown,True,Chlorobenzene,,Unknown,,,120,60,Unknown,,,True,,DMF,60,120,,,Unknown,Unknown,,,NiO-c,30,,,Sputtering,Unknown,Unknown,,,,Unknown,,Unknown,Unknown,,Unknown,Unknown,,Unknown,Unknown,Unknown,Unknown,Unknown,Unknown,Unknown,Unknown,Unknown,,,Ag,100,,,Evaporation,Unknown,Unknown,,,,Unknown,,Unknown,Unknown,,Unknown,Unknown,,Unknown,Unknown,Unknown,Unknown,Unknown,Unknown,Unknown,Unknown,Unknown,,,False,,Unknown,,,,Unknown,Unknown,Unknown,,,,Unknown,,Unknown,Unknown,,Unknown,Unknown,,Unknown,Unknown,Unknown,Unknown,Unknown,Unknown,Unknown,Unknown,Unknown,,,False,,Unknown,,,,Unknown,Unknown,Unknown,,,,Unknown,,Unknown,Unknown,,Unknown,Unknown,,Unknown,Unknown,Unknown,Unknown,Unknown,Unknown,Unknown,Unknown,Unknown,,,True,UV-curable epoxy,Unknown,Unknown,,,True,1,False,,Unknown,Unknown,,Unknown,,,,,,100.0,AM 1.5,nan; nan,,False,,50.0,,,,,,,,0.74,3.42,0.51,1.26,,,,,,,,,,,,,,0.74,3.42,0.51,1.26,Reversed,Reversed,Reversed,Stabilised,,True,,,,1.26,,,,True,,3.42,,True,ISOS-D-1,1,Dark,,,0.0,,nan; nan,,,Unknown,False,Open circuit,nan; nan,,,25.0; 25.0,Unknown,,Ambient,,,nan; nan,,720.0,False,Unknown,1.3,False,100.0,,,,,,,,,0,,,,,False,,1,,,nan; nan,,,,0,,0000:00:00:00:00,0000:00:00:00:00,,,nan; nan,,,nan; nan,,False,,,False,,,,,,,,,,,False,,False,,False,,UV-curable epoxy Unknown
37222,37222,Joel A. Smith,False,10.1021/acsnano.5b03265,Fakharuddin et al.,24/07/2015,ACS Nano,True,Historic dataset on 2020 11 22_v7.xlsx,,Nrstab,SLG | FTO | TiO2-c | TiO2-nw | Perovskite | Spiro-MeOTAD | Au,,2.7,0,nip,False,,False,,nan; nan,,True,4,10.8,,True,SLG | FTO,,,,,Unknown,,,,TiO2-c | TiO2-nw,460,Unknown,,CBD | Hydrothermal,Unknown,Unknown,,,,Unknown,,Unknown,Unknown,,Unknown,Unknown,,Unknown,Unknown,Unknown,Unknown,Unknown,Unknown,Unknown,,Unknown,,,False,False,False,False,True,False,3,True,False,MA,1,Pb,1,I,3,MA,MAPbI,MAPbI3,,False,False,Cl,,,1.6,False,Composition,,1,Spin-coating,Liquid,Unknown,,,,Unknown,,Unknown,Unknown,,Unknown,Unknown,,Unknown,Unknown,Unknown,Unknown,False,Unknown,,Unknown,,,Unknown,Unknown,Unknown,,,False,,Unknown,Unknown,Unknown,,,Unknown,Unknown,,,Spiro-MeOTAD,,Li-TFSI; TBP,,Spin-coating,Unknown,Unknown,,,,Unknown,,Unknown,Unknown,,Unknown,Unknown,,Unknown,Unknown,Unknown,Unknown,Unknown,Unknown,Unknown,Unknown,Unknown,,,Au,100,,,Evaporation,Unknown,Unknown,,,,Unknown,,Unknown,Unknown,,Unknown,Unknown,,Unknown,Unknown,Unknown,Unknown,Unknown,Unknown,Unknown,Unknown,Unknown,,,False,,Unknown,,,,Unknown,Unknown,Unknown,,,,Unknown,,Unknown,Unknown,,Unknown,Unknown,,Unknown,Unknown,Unknown,Unknown,Unknown,Unknown,Unknown,Unknown,Unknown,,,False,,Unknown,,,,Unknown,Unknown,Unknown,,,,Unknown,,Unknown,Unknown,,Unknown,Unknown,,Unknown,Unknown,Unknown,Unknown,Unknown,Unknown,Unknown,Unknown,Unknown,,,True,Surlyn | SLG,Unknown,Air,,,False,1,False,,Unknown,Unknown,,Unknown,,,,,,100.0,AM 1.5,nan; nan,,False,,,,,,,,,,,,,,,,,,,,,,,,,,,,,,,,,,,,False,,,,,,,,False,,,,True,ISOS-D-1,1,Dark,,,0.0,,nan; nan,,,Unknown,False,Open circuit,nan; nan,,,25.0; 25.0,Unknown,,Air,,,nan; nan,,2380.0,False,Unknown,,False,105.0,,,,,,,103.0,,0,,,,,False,,1,,,nan; nan,,,,0,,0000:00:00:00:00,0000:00:00:00:00,,,nan; nan,,,nan; nan,,False,,,False,,,,,,,,,,,False,,False,,False,,Surlyn | SLG Unknown
38439,38439,Daniel Ramirez,False,10.1021/acsami.0c08006,Gong et al.,13/07/2020,ACS Applied Materials & Interfaces,True,Historic dataset on 2020 11 22_v7.xlsx,carbon electrode,control,SLG | FTO | TiO2-c | TiO2-mp | Perovskite | Carbon,,,0,nip,False,,False,,nan; nan,,False,0,,,False,SLG | FTO,,,,,Unknown,,,,TiO2-c | TiO2-mp,,,,Spin-coating >> CBD | Spin-coating,Unknown,Unknown,,,,Unknown,,Unknown,Unknown,Titanium diisopropoxide bis(acetylacetonate) >> TiCl4 | TiO2-np,Unknown,Unknown,,Unknown,Unknown,Unknown,Unknown,510 >> 70 >> 510 | 510,30.0 >> 40.0 >> 30.0 | 30.0,Unknown,,Unknown,,,False,False,False,False,True,False,3,True,False,Cs,1,Pb,1,Br; I,1; 2,,CsPbBrI,CsPbBrI2,,True,False,,,,,False,,,1,Spin-coating,Liquid,Unknown,,,,DMSO,1,Unknown,Unknown,,Unknown,Unknown,,Unknown,Unknown,Unknown,90,False,Unknown,,Unknown,,,280,10,Unknown,,,False,,Unknown,Unknown,Unknown,,,Unknown,Unknown,,,none,,,,Unknown,Unknown,Unknown,,,,Unknown,,Unknown,Unknown,,Unknown,Unknown,,Unknown,Unknown,Unknown,Unknown,Unknown,Unknown,Unknown,Unknown,Unknown,,,Carbon,,,,Screen printing,Unknown,Unknown,,,,Unknown,,Unknown,Unknown,,Unknown,Unknown,,Unknown,Unknown,Unknown,Unknown,Unknown,100,Air,Unknown,Unknown,,,False,,Unknown,,,,Unknown,Unknown,Unknown,,,,Unknown,,Unknown,Unknown,,Unknown,Unknown,,Unknown,Unknown,Unknown,Unknown,Unknown,Unknown,Unknown,Unknown,Unknown,,,False,,Unknown,,,,Unknown,Unknown,Unknown,,,,Unknown,,Unknown,Unknown,,Unknown,Unknown,,Unknown,Unknown,Unknown,Unknown,Unknown,Unknown,Unknown,Unknown,Unknown,,,True,SLG,Polyolefin elastomer,Unknown,,,True,5,False,,Unknown,Unknown,,Unknown,,,,,,100.0,AM 1.5,nan; nan,,False,,,,,,,,,,1.192,14.07,0.675,11.32,,,,,,,,,,,,,,1.192,14.07,0.675,11.32,Reversed,Reversed,Reversed,Reversed,,False,,,,,,,,False,,,,True,ISOS-D-1,1,Dark,,,0.0,,nan; nan,,,Unknown,False,Open circuit,nan; nan,,,20; 30,Unknown,,Air,,,nan; nan,,2000.0,False,Unknown,8.5,False,100.0,,,,,,,,,0,,,,,False,,1,,,nan; nan,,,,0,,0000:00:00:00:00,0000:00:00:00:00,,,nan; nan,,,nan; nan,,False,,,False,,,,,,,,,,,False,,False,,False,,SLG Polyolefin elastomer
38440,38440,Daniel Ramirez,False,10.1021/acsami.0c08006,Gong et al.,13/07/2020,ACS Applied Materials & Interfaces,True,Historic dataset on 2020 11 22_v7.xlsx,carbon electrode,4um interlayer,SLG | FTO | TiO2-c | TiO2-mp | Perovskite | Carbon Black | Carbon,,,0,nip,False,,False,,nan; nan,,False,0,,,False,SLG | FTO,,,,,Unknown,,,,TiO2-c | TiO2-mp,,,,Spin-coating >> CBD | Spin-coating,Unknown,Unknown,,,,Unknown,,Unknown,Unknown,Titanium diisopropoxide bis(acetylacetonate) >> TiCl4 | TiO2-np,Unknown,Unknown,,Unknown,Unknown,Unknown,Unknown,510 >> 70 >> 510 | 510,30.0 >> 40.0 >> 30.0 | 30.0,Unknown,,Unknown,,,False,False,False,False,True,False,3,True,False,Cs,1,Pb,1,Br; I,1; 2,,CsPbBrI,CsPbBrI2,,True,False,,,,,False,,,1,Spin-coating,Liquid,Unknown,,,,DMSO,1,Unknown,Unknown,,Unknown,Unknown,,Unknown,Unknown,Unknown,90,False,Unknown,,Unknown,,,280,10,Unknown,,,False,,Unknown,Unknown,Unknown,,,Unknown,Unknown,,,none,,,,Unknown,Unknown,Unknown,,,,Unknown,,Unknown,Unknown,,Unknown,Unknown,,Unknown,Unknown,Unknown,Unknown,Unknown,Unknown,Unknown,Unknown,Unknown,,,Carbon black | Carbon,4000.0 | nan,,,Screen printing | Screen printing,Unknown,Unknown,,,,Unknown,,Unknown,Unknown,,Unknown,Unknown,,Unknown,Unknown,Unknown,Unknown,Unknown,100,Air,Unknown,Unknown,,,False,,Unknown,,,,Unknown,Unknown,Unknown,,,,Unknown,,Unknown,Unknown,,Unknown,Unknown,,Unknown,Unknown,Unknown,Unknown,Unknown,Unknown,Unknown,Unknown,Unknown,,,False,,Unknown,,,,Unknown,Unknown,Unknown,,,,Unknown,,Unknown,Unknown,,Unknown,Unknown,,Unknown,Unknown,Unknown,Unknown,Unknown,Unknown,Unknown,Unknown,Unknown,,,True,SLG,Polyolefin elastomer,Unknown,,,True,5,False,,Unknown,Unknown,,Unknown,,,,,,100.0,AM 1.5,nan; nan,,False,,,,,,,,,,1.193,14.06,0.721,12.09,,,,,,,,,,,,,,1.193,14.06,0.721,12.09,Reversed,Reversed,Reversed,Reversed,,False,,,,,,,,False,,,,True,ISOS-D-1,1,Dark,,,0.0,,nan; nan,,,Unknown,False,Open circuit,nan; nan,,,20; 30,Unknown,,Air,,,nan; nan,,2000.0,False,Unknown,10.0,False,100.0,,,,,,,,,0,,,,,False,,1,,,nan; nan,,,,0,,0000:00:00:00:00,0000:00:00:00:00,,,nan; nan,,,nan; nan,,False,,,False,,,,,,,,,,,False,,False,,False,,SLG Polyolefin elastomer
38937,38937,Ibrahim Dar,False,10.1016/j.mtcomm.2019.05.013,Kim et al.,24/05/2019,Materials Today Communications,True,Historic dataset on 2020 11 22_v7.xlsx,,,SLG | FTO | TiO2-c | TiO2-mp | Perovskite | Spiro-MeOTAD | Au,,0.1,0,nip,False,,False,,nan; nan,,False,0,,,False,SLG | FTO,,,,,Unknown,,,,TiO2-c | TiO2-mp,50.0 | nan,,,Spray-pyrolys | Spin-coating,Unknown,Unknown,,,,Unknown,,Unknown,Unknown,,Unknown,Unknown,,Unknown,Unknown,Unknown,Unknown,Unknown,Unknown,Unknown,,Unknown,,,False,False,False,False,True,False,3,True,False,FA; MA,0.85; 0.15,Pb,1,Br; I,0.451; 2.55,PbI2,FAMAPbBrI,FA0.85MA0.15PbBr0.451I2.55,,False,False,,,,,False,,,1,Spin-coating,Liquid,N2,,,,DMF; DMSO,4; 1,Unknown,Unknown,,Unknown,Unknown,,Unknown,Unknown,Unknown,Unknown,True,Chlorobenzene,,Unknown,,,100,20,Unknown,,,False,,Unknown,Unknown,Unknown,,,Unknown,Unknown,,,Spiro-MeOTAD,,Li-TFSI; TBP,,Spin-coating,Unknown,Unknown,,,,Unknown,,Unknown,Unknown,,Unknown,Unknown,,Unknown,Unknown,Unknown,Unknown,Unknown,Unknown,Unknown,Unknown,Unknown,,,Au,100,,,Evaporation,Unknown,Unknown,,,,Unknown,,Unknown,Unknown,,Unknown,Unknown,,Unknown,Unknown,Unknown,Unknown,Unknown,Unknown,Unknown,Unknown,Unknown,,,False,,Unknown,,,,Unknown,Unknown,Unknown,,,,Unknown,,Unknown,Unknown,,Unknown,Unknown,,Unknown,Unknown,Unknown,Unknown,Unknown,Unknown,Unknown,Unknown,Unknown,,,False,,Unknown,,,,Unknown,Unknown,Unknown,,,,Unknown,,Unknown,Unknown,,Unknown,Unknown,,Unknown,Unknown,Unknown,Unknown,Unknown,Unknown,Unknown,Unknown,Unknown,,,True,Norland Optical Adhesive (NOA) layers on (PET),Unknown,N2,,,True,1,False,,Unknown,Unknown,,Air,,,,,,100.0,,nan; nan,,False,,,,,,,,,,1.0,24.7,0.683,16.56,,,,,,,,,,,,,,1.0,24.7,0.683,16.56,Reversed,Reversed,Reversed,Reversed,,False,,,,,,,,False,,,,True,ISOS-D-1,1,Dark,,,0.0,,nan; nan,,,Unknown,False,Open circuit,nan; nan,,,25.0; 25.0,Unknown,,Ambient,,,nan; nan,,540.0,False,Unknown,,False,100.0,,,,,,,,,0,,,,,False,,1,,,nan; nan,,,,0,,0000:00:00:00:00,0000:00:00:00:00,,,nan; nan,,,nan; nan,,False,,,False,,,,,,,,,,,False,,False,,False,,Norland Optical Adhesive (NOA) layers on (PET) Unknown
38938,38938,Ibrahim Dar,False,10.1016/j.mtcomm.2019.05.013,Kim et al.,24/05/2019,Materials Today Communications,True,Historic dataset on 2020 11 22_v7.xlsx,,,SLG | FTO | TiO2-c | TiO2-mp | Perovskite | Spiro-MeOTAD | Au,,0.1,0,nip,False,,False,,nan; nan,,False,0,,,False,SLG | FTO,,,,,Unknown,,,,TiO2-c | TiO2-mp,50.0 | nan,,,Spray-pyrolys | Spin-coating,Unknown,Unknown,,,,Unknown,,Unknown,Unknown,,Unknown,Unknown,,Unknown,Unknown,Unknown,Unknown,Unknown,Unknown,Unknown,,Unknown,,,False,False,False,False,True,False,3,True,False,FA; MA,0.85; 0.15,Pb,1,Br; I,0.451; 2.55,PbI2,FAMAPbBrI,FA0.85MA0.15PbBr0.451I2.55,,False,False,,,,,False,,,1,Spin-coating,Liquid,N2,,,,DMF; DMSO,4; 1,Unknown,Unknown,,Unknown,Unknown,,Unknown,Unknown,Unknown,Unknown,True,Chlorobenzene,,Unknown,,,100,20,Unknown,,,False,,Unknown,Unknown,Unknown,,,Unknown,Unknown,,,Spiro-MeOTAD,,Li-TFSI; TBP,,Spin-coating,Unknown,Unknown,,,,Unknown,,Unknown,Unknown,,Unknown,Unknown,,Unknown,Unknown,Unknown,Unknown,Unknown,Unknown,Unknown,Unknown,Unknown,,,Au,100,,,Evaporation,Unknown,Unknown,,,,Unknown,,Unknown,Unknown,,Unknown,Unknown,,Unknown,Unknown,Unknown,Unknown,Unknown,Unknown,Unknown,Unknown,Unknown,,,False,,Unknown,,,,Unknown,Unknown,Unknown,,,,Unknown,,Unknown,Unknown,,Unknown,Unknown,,Unknown,Unknown,Unknown,Unknown,Unknown,Unknown,Unknown,Unknown,Unknown,,,False,,Unknown,,,,Unknown,Unknown,Unknown,,,,Unknown,,Unknown,Unknown,,Unknown,Unknown,,Unknown,Unknown,Unknown,Unknown,Unknown,Unknown,Unknown,Unknown,Unknown,,,True,Norland Optical Adhesive (NOA) layers on (PET) | micropatterned NOA,Unknown,N2,,,True,1,False,,Unknown,Unknown,,Air,,,,,,100.0,,nan; nan,,False,,,,,,,,,,1.0,23.9,0.698,17.31,,,,,,,,,,,,,,1.0,23.9,0.698,17.31,Reversed,Reversed,Reversed,Reversed,,False,,,,,,,,False,,,,True,ISOS-D-1,1,Dark,,,0.0,,nan; nan,,,Unknown,False,Open circuit,nan; nan,,,25.0; 25.0,Unknown,,Ambient,,,nan; nan,,540.0,False,Unknown,,False,100.0,,,,,,,,,0,,,,,False,,1,,,nan; nan,,,,0,,0000:00:00:00:00,0000:00:00:00:00,,,nan; nan,,,nan; nan,,False,,,False,,,,,,,,,,,False,,False,,False,,Norland Optical Adhesive (NOA) layers on (PET) | micropatterned NOA Unknown
39380,39380,Juan Felipe Montoya,False,10.1002/ente.202000513,Yin et al.,44077,Energy Technology,True,Historic dataset on 2020 11 22_v7.xlsx,,,SLG | FTO | TiO2-c | TiO2-mp | Perovskite | Carbon,0.3,0.06,0,nip,False,,False,,nan; nan,,False,0,,,False,SLG | FTO,,,Unknown,Unknown,Commercial | Commercial,,,,TiO2-c | TiO2-mp,30.0 | 440.0,Undoped,,Unknown,Unknown,Unknown,,,,Unknown,,Unknown,Unknown,,Unknown,Unknown,,Unknown,Unknown,Unknown,Unknown,Unknown,Unknown,Unknown,,Unknown,,,False,False,False,False,True,False,3.0,True,False,MA,1,Pb,1,I,3,PbI2,MAPbI,MAPbI3,Solution composition,False,False,,,,1.61,False,Literature,,1,Spin-coating,Liquid,Unknown,,,,DMF,1,Unknown,Unknown,MAI; PbI2,Unknown,Unknown,0.98 M; 1 M,Unknown,Unknown,Unknown,25,False,Unknown,,Unknown,,,80,60,Unknown,,,False,,Unknown,Unknown,Unknown,,,Unknown,Unknown,,,none,,,,Unknown,Unknown,Unknown,,,,Unknown,,Unknown,Unknown,,Unknown,Unknown,,Unknown,Unknown,Unknown,Unknown,Unknown,Unknown,Unknown,Unknown,Unknown,,,Carbon,20000,Undoped,,Doctor blading,Liquid,Air,,,,none,,Unknown,Unknown,Carbon,Unknown,Unknown,,Unknown,Unknown,Unknown,Unknown,60,60,Unknown,Unknown,Unknown,,,False,,Unknown,,,,Unknown,Unknown,Unknown,,,,Unknown,,Unknown,Unknown,,Unknown,Unknown,,Unknown,Unknown,Unknown,Unknown,Unknown,Unknown,Unknown,Unknown,Unknown,,,False,,Unknown,,,,Unknown,Unknown,Unknown,,,,Unknown,,Unknown,Unknown,,Unknown,Unknown,,Unknown,Unknown,Unknown,Unknown,Unknown,Unknown,Unknown,Unknown,Unknown,,,True,Cover glass,UV-glue (ThreeBond),Unknown,,,True,1,False,,Unknown,Unknown,,Unknown,,,Solar simulator,,AAA,100.0,AM 1.5,nan; nan,Substrate,False,,,,,,,,,,0.75,20.52,0.483,7.43,,,,,,,,,,,,,,0.75,20.52,0.483,7.15,Reversed,Reversed,Reversed,Stabilised,,True,MPPT,,16.67,7.15,0.55,13.0,,False,,,,True,ISOS-D-1,1,Dark,,,0.0,,nan; nan,,,Unknown,False,Open circuit,nan; nan,,Constant,25; 25,Unknown,,Ambient,,,nan; nan,,43800.0,False,Unknown,6.0,False,100.0,,,,,,,,,0,,,,,False,,1,,,nan; nan,,,,0,,0000:00:00:00:00,0000:00:00:00:00,,,nan; nan,,,nan; nan,,False,,,False,,,,,,,,,,,False,,False,,False,,Cover glass UV-glue (ThreeBond)
41797,41797,Neha Arora,False,10.1007/s10854-019-00691-9,Kaewprajak et al.,10/01/2019,Journal of Materials Science: Materials in Electronics,True,Historic dataset on 2020 11 22_v7.xlsx,,,SLG | FTO | TiO2-c | Perovskite | Spiro-MeOTAD | Au,,0.05,0,nip,False,,False,,nan; nan,,False,0,,,False,SLG | FTO,,,,,Unknown,,,,TiO2-c,,AgInS2-QD,2.0 mg/ml,Doctor blading,Unknown,Unknown,,,,Unknown,,Unknown,Unknown,,Unknown,Unknown,,Unknown,Unknown,Unknown,Unknown,Unknown,Unknown,Unknown,,Unknown,,,False,False,False,False,True,False,3,True,False,Cs; FA; MA,0.02; 0.83; 0.17,Pb,1,Br; I,0.51; 2.49,PbI2,CsFAMAPbBrI,Cs0.02FA0.83MA0.17PbBr0.51I2.49,,False,False,,,615,,False,,,1,Spin-coating,Liquid,N2,,,,DMF; DMSO,4; 1,Unknown,Unknown,,Unknown,Unknown,,Unknown,Unknown,Unknown,Unknown,True,Chlorobenzene,,Unknown,,,100,90,Unknown,,,False,,Unknown,Unknown,Unknown,,,Unknown,Unknown,,,Spiro-MeOTAD,,Li-TFSI; TBP,,Spin-coating,Unknown,Unknown,,,,Unknown,,Unknown,Unknown,,Unknown,Unknown,,Unknown,Unknown,Unknown,Unknown,Unknown,Unknown,Unknown,Unknown,Unknown,,,Au,80,,,Evaporation,Unknown,Unknown,,,,Unknown,,Unknown,Unknown,,Unknown,Unknown,,Unknown,Unknown,Unknown,Unknown,Unknown,Unknown,Unknown,Unknown,Unknown,,,False,,Unknown,,,,Unknown,Unknown,Unknown,,,,Unknown,,Unknown,Unknown,,Unknown,Unknown,,Unknown,Unknown,Unknown,Unknown,Unknown,Unknown,Unknown,Unknown,Unknown,,,False,,Unknown,,,,Unknown,Unknown,Unknown,,,,Unknown,,Unknown,Unknown,,Unknown,Unknown,,Unknown,Unknown,Unknown,Unknown,Unknown,Unknown,Unknown,Unknown,Unknown,,,True,Unknown,Unknown,Unknown,,,True,1,False,,Unknown,Unknown,,Unknown,,,,,,100.0,,nan; nan,,False,,,,,,,,,,1.06,21.0,0.57,12.7,,,,,,,,,,,,,,1.06,21.0,0.57,12.7,Reversed,Reversed,Reversed,Reversed,,False,,,,,,,,False,,,,False,ISOS-D-1,1,Dark,,,0.0,,nan; nan,,,Unknown,False,Open circuit,nan; nan,,,25.0; 25.0,Unknown,,Air,,,nan; nan,,4800.0,False,Unknown,,False,111.0,,,,,,,,,0,,,,,False,,1,,,nan; nan,,,,0,,0000:00:00:00:00,0000:00:00:00:00,,,nan; nan,,,nan; nan,,False,,,False,,,,,,,,,,,False,,False,,False,,Unknown Unknown
